,ID,Updated,Confirmed,ConfirmedChange,Deaths,DeathsChange,Recovered,RecoveredChange,Latitude,Longitude,ISO2,ISO3,Country_Region,AdminRegion1,AdminRegion2
422492,7159936,02/27/2020,1,,0,,,,52.34226,5.52816,NL,NLD,Netherlands,,
422493,7159938,02/28/2020,2,1,0,0,,,52.34226,5.52816,NL,NLD,Netherlands,,
422494,7159941,02/29/2020,6,4,0,0,,,52.34226,5.52816,NL,NLD,Netherlands,,
422495,7159943,03/01/2020,9,3,0,0,,,52.34226,5.52816,NL,NLD,Netherlands,,
422496,7159945,03/02/2020,19,10,0,0,,,52.34226,5.52816,NL,NLD,Netherlands,,
422497,7159947,03/03/2020,24,5,0,0,,,52.34226,5.52816,NL,NLD,Netherlands,,
422498,7159949,03/04/2020,38,14,0,0,,,52.34226,5.52816,NL,NLD,Netherlands,,
422499,7159951,03/05/2020,82,44,0,0,,,52.34226,5.52816,NL,NLD,Netherlands,,
422500,7159954,03/06/2020,128,46,1,1,0,,52.34226,5.52816,NL,NLD,Netherlands,,
422501,7159956,03/07/2020,188,60,1,0,0,0,52.34226,5.52816,NL,NLD,Netherlands,,
422502,7159958,03/08/2020,264,76,3,2,0,0,52.34226,5.52816,NL,NLD,Netherlands,,
422503,7159961,03/09/2020,321,57,4,1,0,0,52.34226,5.52816,NL,NLD,Netherlands,,
422504,7159963,03/10/2020,382,61,4,0,0,0,52.34226,5.52816,NL,NLD,Netherlands,,
422505,7159965,03/11/2020,503,121,5,1,0,0,52.34226,5.52816,NL,NLD,Netherlands,,
422506,7159968,03/12/2020,614,111,5,0,0,0,52.34226,5.52816,NL,NLD,Netherlands,,
422507,7159970,03/13/2020,804,190,10,5,0,0,52.34226,5.52816,NL,NLD,Netherlands,,
422508,7159972,03/14/2020,959,155,12,2,,,52.34226,5.52816,NL,NLD,Netherlands,,
422509,7159974,03/15/2020,1135,176,20,8,,,52.34226,5.52816,NL,NLD,Netherlands,,
422510,7159976,03/16/2020,1413,278,24,4,0,,52.34226,5.52816,NL,NLD,Netherlands,,
422511,7159978,03/17/2020,1705,292,43,19,,,52.34226,5.52816,NL,NLD,Netherlands,,
422512,7159981,03/18/2020,2051,346,58,15,,,52.34226,5.52816,NL,NLD,Netherlands,,
422513,7159983,03/19/2020,2460,409,76,18,,,52.34226,5.52816,NL,NLD,Netherlands,,
422514,7159985,03/20/2020,2994,534,106,30,,,52.34226,5.52816,NL,NLD,Netherlands,,
422515,7159987,03/21/2020,3631,637,136,30,,,52.34226,5.52816,NL,NLD,Netherlands,,
422516,7159989,03/22/2020,4204,573,179,43,,,52.34226,5.52816,NL,NLD,Netherlands,,
422517,7159991,03/23/2020,4749,545,213,34,,,52.34226,5.52816,NL,NLD,Netherlands,,
422518,7159993,03/24/2020,5560,811,276,63,,,52.34226,5.52816,NL,NLD,Netherlands,,
422519,7159995,03/25/2020,6412,852,356,80,,,52.34226,5.52816,NL,NLD,Netherlands,,
422520,7159997,03/26/2020,7431,1019,434,78,,,52.34226,5.52816,NL,NLD,Netherlands,,
422521,7159999,03/27/2020,8603,1172,546,112,,,52.34226,5.52816,NL,NLD,Netherlands,,
422522,7160001,03/28/2020,9762,1159,639,93,,,52.34226,5.52816,NL,NLD,Netherlands,,
422523,7160004,03/29/2020,10866,1104,771,132,,,52.34226,5.52816,NL,NLD,Netherlands,,
422524,7160018,03/30/2020,11750,884,864,93,,,52.34226,5.52816,NL,NLD,Netherlands,,
422525,7160020,03/31/2020,12595,845,1039,175,250,,52.34226,5.52816,NL,NLD,Netherlands,,
422526,7160022,04/01/2020,13614,1019,1173,134,,,52.34226,5.52816,NL,NLD,Netherlands,,
422527,7160024,04/02/2020,14697,1083,1339,166,0,,52.34226,5.52816,NL,NLD,Netherlands,,
422528,7160026,04/03/2020,15723,1026,1487,148,,,52.34226,5.52816,NL,NLD,Netherlands,,
422529,7160029,04/04/2020,16627,904,1651,164,,,52.34226,5.52816,NL,NLD,Netherlands,,
422530,7160031,04/05/2020,17851,1224,1766,115,,,52.34226,5.52816,NL,NLD,Netherlands,,
422531,7160033,04/06/2020,18803,952,1867,101,,,52.34226,5.52816,NL,NLD,Netherlands,,
422532,7160035,04/07/2020,19580,777,2101,234,,,52.34226,5.52816,NL,NLD,Netherlands,,
422533,7160038,04/08/2020,20549,969,2248,147,,,52.34226,5.52816,NL,NLD,Netherlands,,
422534,7160040,04/09/2020,21762,1213,2396,148,,,52.34226,5.52816,NL,NLD,Netherlands,,
422535,7160042,04/10/2020,23097,1335,2511,115,,,52.34226,5.52816,NL,NLD,Netherlands,,
422536,7160044,04/11/2020,24413,1316,2643,132,,,52.34226,5.52816,NL,NLD,Netherlands,,
422537,7160046,04/12/2020,25587,1174,2737,94,,,52.34226,5.52816,NL,NLD,Netherlands,,
422538,7160048,04/13/2020,26551,964,2823,86,,,52.34226,5.52816,NL,NLD,Netherlands,,
422539,7160050,04/14/2020,27419,868,2945,122,3459,,52.34226,5.52816,NL,NLD,Netherlands,,
422540,7160052,04/15/2020,28153,734,3134,189,3459,0,52.34226,5.52816,NL,NLD,Netherlands,,
422541,7160054,04/16/2020,29214,1061,3315,181,3459,0,52.34226,5.52816,NL,NLD,Netherlands,,
422542,7160056,04/17/2020,30449,1235,3459,144,3459,0,52.34226,5.52816,NL,NLD,Netherlands,,
422543,7160058,04/18/2020,31589,1140,3601,142,3459,0,52.34226,5.52816,NL,NLD,Netherlands,,
422544,7160060,04/19/2020,32655,1066,3684,83,3459,0,52.34226,5.52816,NL,NLD,Netherlands,,
422545,7160062,04/20/2020,33405,750,3751,67,3459,0,52.34226,5.52816,NL,NLD,Netherlands,,
422546,7160064,04/21/2020,34134,729,3916,165,,,52.34226,5.52816,NL,NLD,Netherlands,,
422547,7160066,04/22/2020,34842,708,4054,138,3459,,52.34226,5.52816,NL,NLD,Netherlands,,
422548,7422653,04/23/2020,35729,887,4177,123,,,52.34226,5.52816,NL,NLD,Netherlands,,
422549,7769040,04/24/2020,36535,806,4289,112,3459,,52.34226,5.52816,NL,NLD,Netherlands,,
422550,8359581,04/25/2020,37190,655,4409,120,,,52.34226,5.52816,NL,NLD,Netherlands,,
422551,8742728,04/26/2020,37845,655,4475,66,3459,,52.34226,5.52816,NL,NLD,Netherlands,,
422552,9386856,04/27/2020,38245,400,4518,43,,,52.34226,5.52816,NL,NLD,Netherlands,,
422553,9386857,04/28/2020,38416,171,4566,48,3459,,52.34226,5.52816,NL,NLD,Netherlands,,
422554,9386858,04/29/2020,38802,386,4711,145,3459,0,52.34226,5.52816,NL,NLD,Netherlands,,
422555,9386859,04/30/2020,39316,514,4795,84,3459,0,52.34226,5.52816,NL,NLD,Netherlands,,
422556,9386861,05/01/2020,39791,475,4893,98,3459,0,52.34226,5.52816,NL,NLD,Netherlands,,
422557,9386862,05/02/2020,40236,445,4987,94,3459,0,52.34226,5.52816,NL,NLD,Netherlands,,
422558,9386863,05/03/2020,40571,335,5056,69,3459,0,52.34226,5.52816,NL,NLD,Netherlands,,
422559,12625304,05/04/2020,40770,199,5082,26,3459,0,52.34226,5.52816,NL,NLD,Netherlands,,
422560,12911718,05/05/2020,41087,317,5168,86,3459,0,52.34226,5.52816,NL,NLD,Netherlands,,
422561,13473710,05/06/2020,41319,232,5204,36,3459,0,52.34226,5.52816,NL,NLD,Netherlands,,
422562,13841106,05/07/2020,41774,455,5288,84,3459,0,52.34226,5.52816,NL,NLD,Netherlands,,
422563,14278671,05/08/2020,42093,319,5359,71,3459,0,52.34226,5.52816,NL,NLD,Netherlands,,
422564,14881379,05/09/2020,42382,289,5422,63,3459,0,52.34226,5.52816,NL,NLD,Netherlands,,
422565,15175928,05/10/2020,42627,245,5440,18,3459,0,52.34226,5.52816,NL,NLD,Netherlands,,
422566,15616276,05/11/2020,42788,161,5456,16,3459,0,52.34226,5.52816,NL,NLD,Netherlands,,
422567,16045528,05/12/2020,42984,196,5510,54,3459,0,52.34226,5.52816,NL,NLD,Netherlands,,
422568,16430138,05/13/2020,43211,227,5562,52,3459,0,52.34226,5.52816,NL,NLD,Netherlands,,
422569,16846546,05/14/2020,43481,270,5590,28,3459,0,52.34226,5.52816,NL,NLD,Netherlands,,
422570,17277823,05/15/2020,43681,200,5643,53,3459,0,52.34226,5.52816,NL,NLD,Netherlands,,
422571,17654309,05/16/2020,43870,189,5670,27,3459,0,52.34226,5.52816,NL,NLD,Netherlands,,
422572,18146036,05/17/2020,43995,125,5680,10,3459,0,52.34226,5.52816,NL,NLD,Netherlands,,
422573,18514581,05/18/2020,44141,146,5694,14,3459,0,52.34226,5.52816,NL,NLD,Netherlands,,
422574,18881497,05/19/2020,44249,108,5715,21,3459,0,52.34226,5.52816,NL,NLD,Netherlands,,
422575,19254925,05/20/2020,44447,198,5748,33,3459,0,52.34226,5.52816,NL,NLD,Netherlands,,
422576,19817054,05/21/2020,44700,253,5775,27,,,52.34226,5.52816,NL,NLD,Netherlands,,
422577,20553685,05/22/2020,44888,188,5788,13,,,52.34226,5.52816,NL,NLD,Netherlands,,
422578,20964173,05/23/2020,45064,176,5811,23,,,52.34226,5.52816,NL,NLD,Netherlands,,
422579,21582532,05/24/2020,45236,172,5822,11,,,52.34226,5.52816,NL,NLD,Netherlands,,
422580,22118799,05/25/2020,45445,209,5830,8,,,52.34226,5.52816,NL,NLD,Netherlands,,
422581,22673343,05/26/2020,45578,133,5856,26,,,52.34226,5.52816,NL,NLD,Netherlands,,
422582,23192352,05/27/2020,45768,190,5871,15,,,52.34226,5.52816,NL,NLD,Netherlands,,
422583,23891406,05/28/2020,45950,182,5903,32,,,52.34226,5.52816,NL,NLD,Netherlands,,
422584,24337855,05/29/2020,46126,176,5931,28,,,52.34226,5.52816,NL,NLD,Netherlands,,
422585,24874333,05/30/2020,46257,131,5951,20,,,52.34226,5.52816,NL,NLD,Netherlands,,
422586,25344662,05/31/2020,46442,185,5956,5,,,52.34226,5.52816,NL,NLD,Netherlands,,
422587,25861250,06/01/2020,46545,103,5962,6,,,52.34226,5.52816,NL,NLD,Netherlands,,
422588,26364893,06/02/2020,46647,102,5967,5,,,52.34226,5.52816,NL,NLD,Netherlands,,
422589,26996377,06/03/2020,46733,86,5977,10,,,52.34226,5.52816,NL,NLD,Netherlands,,
422590,27578229,06/04/2020,46942,209,5990,13,,,52.34226,5.52816,NL,NLD,Netherlands,,
422591,28076786,06/05/2020,47152,210,6005,15,,,52.34226,5.52816,NL,NLD,Netherlands,,
422592,28750671,06/06/2020,47335,183,6011,6,,,52.34226,5.52816,NL,NLD,Netherlands,,
422593,29140069,06/07/2020,47574,239,6013,2,,,52.34226,5.52816,NL,NLD,Netherlands,,
422594,29610228,06/08/2020,47739,165,6016,3,,,52.34226,5.52816,NL,NLD,Netherlands,,
422595,30124822,06/09/2020,47903,164,6031,15,,,52.34226,5.52816,NL,NLD,Netherlands,,
422596,30735581,06/10/2020,48087,184,6042,11,,,52.34226,5.52816,NL,NLD,Netherlands,,
422597,31395447,06/11/2020,48251,164,6044,2,,,52.34226,5.52816,NL,NLD,Netherlands,,
422598,32027932,06/12/2020,48461,210,6053,9,,,52.34226,5.52816,NL,NLD,Netherlands,,
422599,32604418,06/13/2020,48640,179,6057,4,,,52.34226,5.52816,NL,NLD,Netherlands,,
422600,33189471,06/14/2020,48783,143,6059,2,,,52.34226,5.52816,NL,NLD,Netherlands,,
422601,33745452,06/15/2020,48948,165,6065,6,,,52.34226,5.52816,NL,NLD,Netherlands,,
422602,34359280,06/16/2020,49087,139,6070,5,,,52.34226,5.52816,NL,NLD,Netherlands,,
422603,34710933,06/17/2020,49204,117,6074,4,,,52.34226,5.52816,NL,NLD,Netherlands,,
422604,35200909,06/18/2020,49319,115,6078,4,,,52.34226,5.52816,NL,NLD,Netherlands,,
422605,35985236,06/19/2020,49426,107,6081,3,,,52.34226,5.52816,NL,NLD,Netherlands,,
422606,36401674,06/20/2020,49502,76,6089,8,,,52.34226,5.52816,NL,NLD,Netherlands,,
422607,36994963,06/21/2020,49593,91,6090,1,,,52.34226,5.52816,NL,NLD,Netherlands,,
422608,37630410,06/22/2020,49658,65,6090,0,,,52.34226,5.52816,NL,NLD,Netherlands,,
422609,38241790,06/23/2020,49722,64,6095,5,,,52.34226,5.52816,NL,NLD,Netherlands,,
422610,38810776,06/24/2020,49804,82,6097,2,,,52.34226,5.52816,NL,NLD,Netherlands,,
422611,39281416,06/25/2020,49914,110,6100,3,,,52.34226,5.52816,NL,NLD,Netherlands,,
422612,39281417,06/26/2020,50005,91,6103,3,,,52.34226,5.52816,NL,NLD,Netherlands,,
422613,39281418,06/27/2020,50074,69,6105,2,,,52.34226,5.52816,NL,NLD,Netherlands,,
422614,39281420,06/28/2020,50147,73,6105,0,,,52.34226,5.52816,NL,NLD,Netherlands,,
422615,40243085,06/29/2020,50223,76,6107,2,,,52.34226,5.52816,NL,NLD,Netherlands,,
422616,40552985,06/30/2020,50273,50,6113,6,,,52.34226,5.52816,NL,NLD,Netherlands,,
422617,41129624,07/01/2020,50333,60,6113,0,,,52.34226,5.52816,NL,NLD,Netherlands,,
422618,41129625,07/02/2020,50393,60,6113,0,,,52.34226,5.52816,NL,NLD,Netherlands,,
422619,41129626,07/03/2020,50453,60,6113,0,,,52.34226,5.52816,NL,NLD,Netherlands,,
422620,41129627,07/04/2020,50513,60,6113,0,,,52.34226,5.52816,NL,NLD,Netherlands,,
422621,41129628,07/05/2020,50573,60,6113,0,,,52.34226,5.52816,NL,NLD,Netherlands,,
422622,41129629,07/06/2020,50633,60,6113,0,,,52.34226,5.52816,NL,NLD,Netherlands,,
422623,42380212,07/07/2020,50694,61,6132,19,,,52.34226,5.52816,NL,NLD,Netherlands,,
422624,41493707,07/08/2020,50746,52,6135,3,,,52.34226,5.52816,NL,NLD,Netherlands,,
422625,41808336,07/09/2020,50749,3,6137,2,,,52.34226,5.52816,NL,NLD,Netherlands,,
422626,42121289,07/10/2020,50840,91,6137,0,,,52.34226,5.52816,NL,NLD,Netherlands,,
422627,42422495,07/11/2020,50916,76,6137,0,,,52.34226,5.52816,NL,NLD,Netherlands,,
422628,42736811,07/12/2020,50992,76,6137,0,,,52.34226,5.52816,NL,NLD,Netherlands,,
422629,43028365,07/13/2020,51069,77,6137,0,,,52.34226,5.52816,NL,NLD,Netherlands,,
422630,43687786,07/14/2020,51146,77,6137,0,,,52.34226,5.52816,NL,NLD,Netherlands,,
422631,43857704,07/15/2020,51254,108,6137,0,,,52.34226,5.52816,NL,NLD,Netherlands,,
422632,43895970,07/16/2020,51363,109,6137,0,,,52.34226,5.52816,NL,NLD,Netherlands,,
422633,44599090,07/17/2020,51472,109,6137,0,,,52.34226,5.52816,NL,NLD,Netherlands,,
422634,44941247,07/18/2020,51581,109,6137,0,,,52.34226,5.52816,NL,NLD,Netherlands,,
422635,45291455,07/19/2020,51745,164,6137,0,,,52.34226,5.52816,NL,NLD,Netherlands,,
422636,45587502,07/20/2020,51910,165,6137,0,,,52.34226,5.52816,NL,NLD,Netherlands,,
422637,45836804,07/21/2020,52073,163,6138,1,,,52.34226,5.52816,NL,NLD,Netherlands,,
422638,46246074,07/22/2020,52242,169,6139,1,,,52.34226,5.52816,NL,NLD,Netherlands,,
422639,46554308,07/23/2020,52404,162,6139,0,,,52.34226,5.52816,NL,NLD,Netherlands,,
422640,46907051,07/24/2020,52595,191,6139,0,,,52.34226,5.52816,NL,NLD,Netherlands,,
422641,47233928,07/25/2020,52732,137,6139,0,,,52.34226,5.52816,NL,NLD,Netherlands,,
422642,47556713,07/26/2020,52946,214,6139,0,,,52.34226,5.52816,NL,NLD,Netherlands,,
422643,47899036,07/27/2020,53151,205,6141,2,,,52.34226,5.52816,NL,NLD,Netherlands,,
422644,48084324,07/28/2020,53374,223,6145,4,,,52.34226,5.52816,NL,NLD,Netherlands,,
422645,48551175,07/29/2020,53621,247,6147,2,,,52.34226,5.52816,NL,NLD,Netherlands,,
422646,48867885,07/30/2020,53963,342,6147,0,,,52.34226,5.52816,NL,NLD,Netherlands,,
422647,49179141,07/31/2020,54301,338,6147,0,,,52.34226,5.52816,NL,NLD,Netherlands,,
422648,49484085,08/01/2020,54732,431,6148,1,,,52.34226,5.52816,NL,NLD,Netherlands,,
422649,49805470,08/02/2020,55098,366,6149,1,,,52.34226,5.52816,NL,NLD,Netherlands,,
422650,50117480,08/03/2020,55470,372,6149,0,,,52.34226,5.52816,NL,NLD,Netherlands,,
422651,52007291,08/04/2020,55962,492,6151,2,,,52.34226,5.52816,NL,NLD,Netherlands,,
422652,50718590,08/05/2020,56381,419,6153,2,,,52.34226,5.52816,NL,NLD,Netherlands,,
422653,51066346,08/06/2020,56982,601,6153,0,,,52.34226,5.52816,NL,NLD,Netherlands,,
422654,51398227,08/07/2020,57501,519,6154,1,,,52.34226,5.52816,NL,NLD,Netherlands,,
422655,51709913,08/08/2020,57987,486,6157,3,,,52.34226,5.52816,NL,NLD,Netherlands,,
422656,52032634,08/09/2020,58564,577,6157,0,,,52.34226,5.52816,NL,NLD,Netherlands,,
422657,52354463,08/10/2020,59194,630,6157,0,,,52.34226,5.52816,NL,NLD,Netherlands,,
422658,52531427,08/11/2020,59973,779,6159,2,,,52.34226,5.52816,NL,NLD,Netherlands,,
422659,52986514,08/12/2020,60300,327,6159,0,,,52.34226,5.52816,NL,NLD,Netherlands,,
422660,53301610,08/13/2020,60627,327,6161,2,,,52.34226,5.52816,NL,NLD,Netherlands,,
422661,53626157,08/14/2020,61840,1213,6167,6,,,52.34226,5.52816,NL,NLD,Netherlands,,
422662,53968319,08/15/2020,62495,655,6169,2,,,52.34226,5.52816,NL,NLD,Netherlands,,
422663,54300197,08/16/2020,63002,507,6172,3,,,52.34226,5.52816,NL,NLD,Netherlands,,
422664,54628886,08/17/2020,63487,485,6172,0,,,52.34226,5.52816,NL,NLD,Netherlands,,
422665,55741270,08/18/2020,63973,486,6175,3,,,52.34226,5.52816,NL,NLD,Netherlands,,
422666,55281153,08/19/2020,64525,552,6181,6,,,52.34226,5.52816,NL,NLD,Netherlands,,
422667,55596090,08/20/2020,65057,532,6181,0,,,52.34226,5.52816,NL,NLD,Netherlands,,
422668,55923777,08/21/2020,65589,532,6195,14,,,52.34226,5.52816,NL,NLD,Netherlands,,
422669,58086824,08/22/2020,66097,508,6198,3,,,52.34226,5.52816,NL,NLD,Netherlands,,
422670,58086827,08/23/2020,66554,457,6201,3,,,52.34226,5.52816,NL,NLD,Netherlands,,
422671,58086830,08/24/2020,67128,574,6204,3,,,52.34226,5.52816,NL,NLD,Netherlands,,
422672,58114876,08/25/2020,67543,415,6207,3,,,52.34226,5.52816,NL,NLD,Netherlands,,
422673,58086835,08/26/2020,68114,571,6207,0,,,52.34226,5.52816,NL,NLD,Netherlands,,
422674,58086837,08/27/2020,68624,510,6218,11,,,52.34226,5.52816,NL,NLD,Netherlands,,
422675,58086839,08/28/2020,69131,507,6218,0,,,52.34226,5.52816,NL,NLD,Netherlands,,
422676,58498651,08/29/2020,69630,499,6220,2,,,52.34226,5.52816,NL,NLD,Netherlands,,
422677,58804509,08/30/2020,70129,499,6220,0,,,52.34226,5.52816,NL,NLD,Netherlands,,
422678,59068010,08/31/2020,70629,500,6220,0,,,52.34226,5.52816,NL,NLD,Netherlands,,
422679,60544938,09/01/2020,71129,500,6231,11,,,52.34226,5.52816,NL,NLD,Netherlands,,
422680,59653390,09/02/2020,71863,734,6235,4,,,52.34226,5.52816,NL,NLD,Netherlands,,
422681,60004458,09/03/2020,72464,601,6235,0,,,52.34226,5.52816,NL,NLD,Netherlands,,
422682,60346283,09/04/2020,73208,744,6237,2,,,52.34226,5.52816,NL,NLD,Netherlands,,
422683,60680761,09/05/2020,73997,789,6237,0,,,52.34226,5.52816,NL,NLD,Netherlands,,
422684,60996131,09/06/2020,74787,790,6243,6,,,52.34226,5.52816,NL,NLD,Netherlands,,
422685,61310684,09/07/2020,75584,797,6243,0,,,52.34226,5.52816,NL,NLD,Netherlands,,
422686,61468236,09/08/2020,76548,964,6244,1,,,52.34226,5.52816,NL,NLD,Netherlands,,
422687,61905951,09/09/2020,77688,1140,6246,2,,,52.34226,5.52816,NL,NLD,Netherlands,,
422688,61967230,09/10/2020,78511,823,6249,3,,,52.34226,5.52816,NL,NLD,Netherlands,,
422689,62282998,09/11/2020,79781,1270,6252,3,,,52.34226,5.52816,NL,NLD,Netherlands,,
422690,62720623,09/12/2020,81012,1231,6253,1,,,52.34226,5.52816,NL,NLD,Netherlands,,
422691,63087801,09/13/2020,82099,1087,6254,1,,,52.34226,5.52816,NL,NLD,Netherlands,,
422692,63414847,09/14/2020,83399,1300,6256,2,,,52.34226,5.52816,NL,NLD,Netherlands,,
422693,63623908,09/15/2020,84778,1379,6258,2,,,52.34226,5.52816,NL,NLD,Netherlands,,
422694,64102026,09/16/2020,86320,1542,6260,2,,,52.34226,5.52816,NL,NLD,Netherlands,,
422695,64435980,09/17/2020,88073,1753,6266,6,,,52.34226,5.52816,NL,NLD,Netherlands,,
422696,64835326,09/18/2020,90047,1974,6273,7,,,52.34226,5.52816,NL,NLD,Netherlands,,
422697,65233843,09/19/2020,92029,1982,6273,0,,,52.34226,5.52816,NL,NLD,Netherlands,,
422698,65637701,09/20/2020,94012,1983,6273,0,,,52.34226,5.52816,NL,NLD,Netherlands,,
422699,66018842,09/21/2020,95995,1983,6281,8,,,52.34226,5.52816,NL,NLD,Netherlands,,
422700,66264910,09/22/2020,98240,2245,6291,10,,,52.34226,5.52816,NL,NLD,Netherlands,,
422701,66792496,09/23/2020,100597,2357,6296,5,,,52.34226,5.52816,NL,NLD,Netherlands,,
422702,67185131,09/24/2020,103257,2660,6296,0,,,52.34226,5.52816,NL,NLD,Netherlands,,
422703,67581908,09/25/2020,105918,2661,6328,32,,,52.34226,5.52816,NL,NLD,Netherlands,,
422704,67965724,09/26/2020,108631,2713,6366,38,,,52.34226,5.52816,NL,NLD,Netherlands,,
422705,68265441,09/27/2020,111626,2995,6374,8,,,52.34226,5.52816,NL,NLD,Netherlands,,
422706,68655400,09/28/2020,114540,2914,6380,6,,,52.34226,5.52816,NL,NLD,Netherlands,,
422707,70558229,09/29/2020,117551,3011,6393,13,,,52.34226,5.52816,NL,NLD,Netherlands,,
422708,69430867,09/30/2020,120845,3294,6406,13,,,52.34226,5.52816,NL,NLD,Netherlands,,
422709,69833201,10/01/2020,124097,3252,6419,13,,,52.34226,5.52816,NL,NLD,Netherlands,,
422710,70240729,10/02/2020,127922,3825,6428,9,,,52.34226,5.52816,NL,NLD,Netherlands,,
422711,70639829,10/03/2020,131907,3985,6428,0,,,52.34226,5.52816,NL,NLD,Netherlands,,
422712,71036875,10/04/2020,135892,3985,6454,26,,,52.34226,5.52816,NL,NLD,Netherlands,,
422713,71425068,10/05/2020,140471,4579,6461,7,,,52.34226,5.52816,NL,NLD,Netherlands,,
422714,73302838,10/06/2020,144999,4528,6482,21,,,52.34226,5.52816,NL,NLD,Netherlands,,
422715,72233526,10/07/2020,149988,4989,6518,36,,,52.34226,5.52816,NL,NLD,Netherlands,,
422716,72635828,10/08/2020,155884,5896,6518,0,,,52.34226,5.52816,NL,NLD,Netherlands,,
422717,73037993,10/09/2020,161781,5897,6544,26,,,52.34226,5.52816,NL,NLD,Netherlands,,
422718,73438213,10/10/2020,168280,6499,6567,23,,,52.34226,5.52816,NL,NLD,Netherlands,,
422719,73848848,10/11/2020,174653,6373,6584,17,,,52.34226,5.52816,NL,NLD,Netherlands,,
422720,74235087,10/12/2020,181498,6845,6596,12,,,52.34226,5.52816,NL,NLD,Netherlands,,
422721,74603277,10/13/2020,188876,7378,6631,35,,,52.34226,5.52816,NL,NLD,Netherlands,,
422722,74935673,10/14/2020,196163,7287,6663,32,,,52.34226,5.52816,NL,NLD,Netherlands,,
422723,75293286,10/15/2020,203954,7791,6692,29,,,52.34226,5.52816,NL,NLD,Netherlands,,
422724,75627091,10/16/2020,211938,7984,6708,16,,,52.34226,5.52816,NL,NLD,Netherlands,,
422725,75999055,10/17/2020,220079,8141,6736,28,,,52.34226,5.52816,NL,NLD,Netherlands,,
422726,76373056,10/18/2020,228234,8155,6751,15,,,52.34226,5.52816,NL,NLD,Netherlands,,
422727,76673990,10/19/2020,236226,7992,6768,17,,,52.34226,5.52816,NL,NLD,Netherlands,,
422728,76846568,10/20/2020,244391,8165,6814,46,,,52.34226,5.52816,NL,NLD,Netherlands,,
422729,77387914,10/21/2020,253134,8743,6873,59,,,52.34226,5.52816,NL,NLD,Netherlands,,
422730,77757573,10/22/2020,262405,9271,6919,46,,,52.34226,5.52816,NL,NLD,Netherlands,,
422731,78103611,10/23/2020,272401,9996,6964,45,,,52.34226,5.52816,NL,NLD,Netherlands,,
422732,78448149,10/24/2020,281052,8651,7019,55,,,52.34226,5.52816,NL,NLD,Netherlands,,
422733,78767696,10/25/2020,291254,10202,7064,45,,,52.34226,5.52816,NL,NLD,Netherlands,,
422734,79067531,10/26/2020,301597,10343,7072,8,,,52.34226,5.52816,NL,NLD,Netherlands,,
422735,79256969,10/27/2020,311889,10292,7142,70,,,52.34226,5.52816,NL,NLD,Netherlands,,
422736,79732117,10/28/2020,319991,8102,7202,60,,,52.34226,5.52816,NL,NLD,Netherlands,,
422737,80126215,10/29/2020,330255,10264,7258,56,,,52.34226,5.52816,NL,NLD,Netherlands,,
422738,80470100,10/30/2020,341374,11119,7345,87,,,52.34226,5.52816,NL,NLD,Netherlands,,
422739,80810723,10/31/2020,351178,9804,7395,50,,,52.34226,5.52816,NL,NLD,Netherlands,,
422740,81090078,11/01/2020,359861,8683,7434,39,,,52.34226,5.52816,NL,NLD,Netherlands,,
422741,81390827,11/02/2020,368147,8286,7463,29,,,52.34226,5.52816,NL,NLD,Netherlands,,
422742,81561901,11/03/2020,375890,7743,7576,113,,,52.34226,5.52816,NL,NLD,Netherlands,,
422743,82042293,11/04/2020,383189,7299,7576,0,,,52.34226,5.52816,NL,NLD,Netherlands,,
422744,82376325,11/05/2020,390488,7299,7769,193,,,52.34226,5.52816,NL,NLD,Netherlands,,
422745,82703748,11/06/2020,397730,7242,7887,118,,,52.34226,5.52816,NL,NLD,Netherlands,,
422746,83016009,11/07/2020,404401,6671,7960,73,,,52.34226,5.52816,NL,NLD,Netherlands,,
422747,83326577,11/08/2020,410065,5664,8004,44,,,52.34226,5.52816,NL,NLD,Netherlands,,
422748,83586162,11/09/2020,414745,4680,8043,39,,,52.34226,5.52816,NL,NLD,Netherlands,,
422749,83775697,11/10/2020,419412,4667,8141,98,,,52.34226,5.52816,NL,NLD,Netherlands,,
422750,84249766,11/11/2020,424819,5407,8215,74,,,52.34226,5.52816,NL,NLD,Netherlands,,
422751,84537545,11/12/2020,430453,5634,8304,89,,,52.34226,5.52816,NL,NLD,Netherlands,,
422752,84838555,11/13/2020,436544,6091,8358,54,,,52.34226,5.52816,NL,NLD,Netherlands,,
422753,85176146,11/14/2020,442458,5914,8443,85,,,52.34226,5.52816,NL,NLD,Netherlands,,
422754,85510200,11/15/2020,447871,5413,8486,43,,,52.34226,5.52816,NL,NLD,Netherlands,,
422755,85789225,11/16/2020,452701,4830,8530,44,,,52.34226,5.52816,NL,NLD,Netherlands,,
422756,85969375,11/17/2020,457003,4302,8616,86,,,52.34226,5.52816,NL,NLD,Netherlands,,
422757,86374491,11/18/2020,461612,4609,8698,82,,,52.34226,5.52816,NL,NLD,Netherlands,,
422758,86750388,11/19/2020,467257,5645,8771,73,,,52.34226,5.52816,NL,NLD,Netherlands,,
422759,87044083,11/20/2020,473258,6001,8771,0,,,52.34226,5.52816,NL,NLD,Netherlands,,
422760,87347714,11/21/2020,479260,6002,8870,99,,,52.34226,5.52816,NL,NLD,Netherlands,,
422761,87637909,11/22/2020,484648,5388,8891,21,,,52.34226,5.52816,NL,NLD,Netherlands,,
422762,87914149,11/23/2020,489818,5170,8945,54,,,52.34226,5.52816,NL,NLD,Netherlands,,
422763,88061678,11/24/2020,493744,3926,9035,90,,,52.34226,5.52816,NL,NLD,Netherlands,,
422764,88445424,11/25/2020,498653,4909,9109,74,,,52.34226,5.52816,NL,NLD,Netherlands,,
422765,88722449,11/26/2020,503123,4470,9184,75,,,52.34226,5.52816,NL,NLD,Netherlands,,
422766,89024903,11/27/2020,508866,5743,9267,83,,,52.34226,5.52816,NL,NLD,Netherlands,,
422767,89282459,11/28/2020,513325,4459,9326,59,,,52.34226,5.52816,NL,NLD,Netherlands,,
422768,89531683,11/29/2020,518910,5585,9349,23,,,52.34226,5.52816,NL,NLD,Netherlands,,
422769,89786232,11/30/2020,523478,4568,9376,27,,,52.34226,5.52816,NL,NLD,Netherlands,,
422770,89939014,12/01/2020,527523,4045,9438,62,,,52.34226,5.52816,NL,NLD,Netherlands,,
422771,90294062,12/02/2020,532444,4921,9504,66,,,52.34226,5.52816,NL,NLD,Netherlands,,
422772,90664813,12/03/2020,538184,5740,9504,0,,,52.34226,5.52816,NL,NLD,Netherlands,,
422773,91015700,12/04/2020,543924,5740,9623,119,,,52.34226,5.52816,NL,NLD,Netherlands,,
422774,91343360,12/05/2020,550445,6521,9662,39,,,52.34226,5.52816,NL,NLD,Netherlands,,
422775,91700409,12/06/2020,557224,6779,9687,25,,,52.34226,5.52816,NL,NLD,Netherlands,,
422776,92031736,12/07/2020,564291,7067,9704,17,,,52.34226,5.52816,NL,NLD,Netherlands,,
422777,92273669,12/08/2020,570437,6146,9775,71,,,52.34226,5.52816,NL,NLD,Netherlands,,
422778,92862200,12/09/2020,576965,6528,9841,66,,,52.34226,5.52816,NL,NLD,Netherlands,,
422779,93188061,12/10/2020,585685,8720,9902,61,,,52.34226,5.52816,NL,NLD,Netherlands,,
422780,93510854,12/11/2020,594523,8838,9966,64,,,52.34226,5.52816,NL,NLD,Netherlands,,
422781,93851957,12/12/2020,603603,9080,10019,53,,,52.34226,5.52816,NL,NLD,Netherlands,,
422782,94186017,12/13/2020,613487,9884,10048,29,,,52.34226,5.52816,NL,NLD,Netherlands,,
422783,94351934,12/14/2020,621032,7545,10048,0,,,52.34226,5.52816,NL,NLD,Netherlands,,
422784,94760451,12/15/2020,628577,7545,10168,120,,,52.34226,5.52816,NL,NLD,Netherlands,,
422785,95186892,12/16/2020,639746,11169,10246,78,,,52.34226,5.52816,NL,NLD,Netherlands,,
422786,95543832,12/17/2020,652525,12779,10321,75,,,52.34226,5.52816,NL,NLD,Netherlands,,
422787,95866445,12/18/2020,664599,12074,10321,0,,,52.34226,5.52816,NL,NLD,Netherlands,,
422788,96223993,12/19/2020,676673,12074,10459,138,,,52.34226,5.52816,NL,NLD,Netherlands,,
422789,96531970,12/20/2020,688773,12100,10459,0,,,52.34226,5.52816,NL,NLD,Netherlands,,
422790,96889245,12/21/2020,700873,12100,10519,60,,,52.34226,5.52816,NL,NLD,Netherlands,,
422791,97094989,12/22/2020,710683,9810,10633,114,,,52.34226,5.52816,NL,NLD,Netherlands,,
422792,97559976,12/23/2020,721071,10388,10737,104,,,52.34226,5.52816,NL,NLD,Netherlands,,
422793,97919434,12/24/2020,732570,11499,10826,89,,,52.34226,5.52816,NL,NLD,Netherlands,,
422794,98268040,12/25/2020,744057,11487,10924,98,,,52.34226,5.52816,NL,NLD,Netherlands,,
422795,98629370,12/26/2020,753905,9848,10970,46,,,52.34226,5.52816,NL,NLD,Netherlands,,
422796,98993562,12/27/2020,762985,9080,10998,28,,,52.34226,5.52816,NL,NLD,Netherlands,,
422797,99370350,12/28/2020,770400,7415,11042,44,,,52.34226,5.52816,NL,NLD,Netherlands,,
422798,99602723,12/29/2020,777902,7502,11212,170,,,52.34226,5.52816,NL,NLD,Netherlands,,
422799,100096535,12/30/2020,787300,9398,11324,112,,,52.34226,5.52816,NL,NLD,Netherlands,,
422800,100472901,12/31/2020,796232,8932,11324,0,,,52.34226,5.52816,NL,NLD,Netherlands,,
422801,100870335,01/01/2021,805164,8932,11529,205,,,52.34226,5.52816,NL,NLD,Netherlands,,
422802,101240099,01/02/2021,813765,8601,11565,36,,,52.34226,5.52816,NL,NLD,Netherlands,,
422803,101640741,01/03/2021,821163,7398,11612,47,,,52.34226,5.52816,NL,NLD,Netherlands,,
422804,102051800,01/04/2021,827726,6563,11675,63,,,52.34226,5.52816,NL,NLD,Netherlands,,
422805,103825144,01/05/2021,834064,6338,11826,151,,,52.34226,5.52816,NL,NLD,Netherlands,,
422806,102850574,01/06/2021,837613,3549,11826,0,,,52.34226,5.52816,NL,NLD,Netherlands,,
422807,103219564,01/07/2021,841163,3550,11999,173,,,52.34226,5.52816,NL,NLD,Netherlands,,
422808,103578279,01/08/2021,858914,17751,12171,172,,,52.34226,5.52816,NL,NLD,Netherlands,,
422809,103917405,01/09/2021,866235,7321,12307,136,,,52.34226,5.52816,NL,NLD,Netherlands,,
422810,104278565,01/10/2021,872847,6612,12361,54,,,52.34226,5.52816,NL,NLD,Netherlands,,
422811,104643398,01/11/2021,877991,5144,12361,0,,,52.34226,5.52816,NL,NLD,Netherlands,,
422812,106809580,01/12/2021,883135,5144,12563,202,,,52.34226,5.52816,NL,NLD,Netherlands,,
422813,105377031,01/13/2021,889411,6276,12563,0,,,52.34226,5.52816,NL,NLD,Netherlands,,
422814,105778991,01/14/2021,895687,6276,12774,211,,,52.34226,5.52816,NL,NLD,Netherlands,,
422815,106187047,01/15/2021,898691,3004,12774,0,,,52.34226,5.52816,NL,NLD,Netherlands,,
422816,106579063,01/16/2021,901696,3005,12868,94,,,52.34226,5.52816,NL,NLD,Netherlands,,
422817,106950477,01/17/2021,906956,5260,12965,97,,,52.34226,5.52816,NL,NLD,Netherlands,,
422818,107321460,01/18/2021,912554,5598,13006,41,,,52.34226,5.52816,NL,NLD,Netherlands,,
422819,107553631,01/19/2021,921580,9026,13162,156,,,52.34226,5.52816,NL,NLD,Netherlands,,
422820,108075736,01/20/2021,927262,5682,13162,0,,,52.34226,5.52816,NL,NLD,Netherlands,,
422821,108423674,01/21/2021,932945,5683,13162,0,,,52.34226,5.52816,NL,NLD,Netherlands,,
422822,108740708,01/22/2021,938628,5683,13422,260,,,52.34226,5.52816,NL,NLD,Netherlands,,
422823,109065295,01/23/2021,944042,5414,13510,88,,,52.34226,5.52816,NL,NLD,Netherlands,,
422824,109408261,01/24/2021,948933,4891,13540,30,,,52.34226,5.52816,NL,NLD,Netherlands,,
422825,109763167,01/25/2021,952900,3967,13540,0,,,52.34226,5.52816,NL,NLD,Netherlands,,
422826,111116510,01/26/2021,956867,3967,13665,125,,,52.34226,5.52816,NL,NLD,Netherlands,,
422827,110452059,01/27/2021,961593,4726,13733,68,,,52.34226,5.52816,NL,NLD,Netherlands,,
422828,110763605,01/28/2021,966252,4659,13816,83,,,52.34226,5.52816,NL,NLD,Netherlands,,
422829,111087706,01/29/2021,970513,4261,13816,0,,,52.34226,5.52816,NL,NLD,Netherlands,,
422830,111389174,01/30/2021,974775,4262,13959,143,,,52.34226,5.52816,NL,NLD,Netherlands,,
422831,111713791,01/31/2021,978475,3700,13998,39,,,52.34226,5.52816,NL,NLD,Netherlands,,
422832,112003902,02/01/2021,981663,3188,14025,27,,,52.34226,5.52816,NL,NLD,Netherlands,,
422833,112218410,02/02/2021,985224,3561,14108,83,,,52.34226,5.52816,NL,NLD,Netherlands,,
422834,112630960,02/03/2021,989237,4013,14169,61,,,52.34226,5.52816,NL,NLD,Netherlands,,
422835,112947695,02/04/2021,991333,2096,14169,0,,,52.34226,5.52816,NL,NLD,Netherlands,,
422836,113273133,02/05/2021,993430,2097,14234,65,,,52.34226,5.52816,NL,NLD,Netherlands,,
422837,113585270,02/06/2021,1001826,8396,14355,121,,,52.34226,5.52816,NL,NLD,Netherlands,,
422838,113889525,02/07/2021,1004903,3077,14355,0,,,52.34226,5.52816,NL,NLD,Netherlands,,
422839,114215824,02/08/2021,1007981,3078,14428,73,,,52.34226,5.52816,NL,NLD,Netherlands,,
422840,114395622,02/09/2021,1009725,1744,14511,83,,,52.34226,5.52816,NL,NLD,Netherlands,,
422841,114832406,02/10/2021,1012908,3183,14590,79,,,52.34226,5.52816,NL,NLD,Netherlands,,
422842,115125987,02/11/2021,1015105,2197,14590,0,,,52.34226,5.52816,NL,NLD,Netherlands,,
422843,115544038,02/12/2021,1017302,2197,14662,72,,,52.34226,5.52816,NL,NLD,Netherlands,,
422844,116187390,02/13/2021,1025837,8535,14793,131,,,52.34226,5.52816,NL,NLD,Netherlands,,
422845,116822953,02/14/2021,1029284,3447,14816,23,,,52.34226,5.52816,NL,NLD,Netherlands,,
422846,117418366,02/15/2021,1032094,2810,14843,27,,,52.34226,5.52816,NL,NLD,Netherlands,,
422847,117897323,02/16/2021,1034795,2701,14929,86,,,52.34226,5.52816,NL,NLD,Netherlands,,
422848,118341547,02/17/2021,1038156,3361,15017,88,,,52.34226,5.52816,NL,NLD,Netherlands,,
422849,118652469,02/18/2021,1042674,4518,15089,72,,,52.34226,5.52816,NL,NLD,Netherlands,,
422850,118828424,02/19/2021,1045037,2363,15089,0,,,52.34226,5.52816,NL,NLD,Netherlands,,
422851,118991228,02/20/2021,1047400,2363,15138,49,,,52.34226,5.52816,NL,NLD,Netherlands,,
422852,119169372,02/21/2021,1051965,4565,15200,62,,,52.34226,5.52816,NL,NLD,Netherlands,,
422853,119345062,02/22/2021,1056639,4674,15217,17,,,52.34226,5.52816,NL,NLD,Netherlands,,
422854,120045993,02/23/2021,1064598,7959,15343,126,,,52.34226,5.52816,NL,NLD,Netherlands,,
422855,119691128,02/24/2021,1066779,2181,15343,0,,,52.34226,5.52816,NL,NLD,Netherlands,,
422856,119855885,02/25/2021,1068960,2181,15406,63,,,52.34226,5.52816,NL,NLD,Netherlands,,
422857,120033910,02/26/2021,1073971,5011,15438,32,,,52.34226,5.52816,NL,NLD,Netherlands,,
422858,120230862,02/27/2021,1084021,10050,15543,105,,,52.34226,5.52816,NL,NLD,Netherlands,,
422859,120389528,02/28/2021,1088690,4669,15563,20,,,52.34226,5.52816,NL,NLD,Netherlands,,
422860,120544633,03/01/2021,1092561,3871,15563,0,,,52.34226,5.52816,NL,NLD,Netherlands,,
422861,120675414,03/02/2021,1096433,3872,15649,86,,,52.34226,5.52816,NL,NLD,Netherlands,,
422862,120842882,03/03/2021,1096433,0,15649,0,,,52.34226,5.52816,NL,NLD,Netherlands,,
