ID;Updated;Confirmed;ConfirmedChange;Deaths;DeathsChange;Recovered;RecoveredChange;Latitude;Longitude;ISO2;ISO3;Country_Region;AdminRegion1
7159936;27-2-2020;1;;0;;;;5.234.226;552.816;NL;NLD;Netherlands;
7159938;28-2-2020;2;1;0;0;;;5.234.226;552.816;NL;NLD;Netherlands;
7159941;29-2-2020;6;4;0;0;;;5.234.226;552.816;NL;NLD;Netherlands;
7159943;1-3-2020;9;3;0;0;;;5.234.226;552.816;NL;NLD;Netherlands;
7159945;2-3-2020;19;10;0;0;;;5.234.226;552.816;NL;NLD;Netherlands;
7159947;3-3-2020;24;5;0;0;;;5.234.226;552.816;NL;NLD;Netherlands;
7159949;4-3-2020;38;14;0;0;;;5.234.226;552.816;NL;NLD;Netherlands;
7159951;5-3-2020;82;44;0;0;;;5.234.226;552.816;NL;NLD;Netherlands;
7159954;6-3-2020;128;46;1;1;0;;5.234.226;552.816;NL;NLD;Netherlands;
7159956;7-3-2020;188;60;1;0;0;0;5.234.226;552.816;NL;NLD;Netherlands;
7159958;8-3-2020;264;76;3;2;0;0;5.234.226;552.816;NL;NLD;Netherlands;
7159961;9-3-2020;321;57;4;1;0;0;5.234.226;552.816;NL;NLD;Netherlands;
7159963;10-3-2020;382;61;4;0;0;0;5.234.226;552.816;NL;NLD;Netherlands;
7159965;11-3-2020;503;121;5;1;0;0;5.234.226;552.816;NL;NLD;Netherlands;
7159968;12-3-2020;614;111;5;0;0;0;5.234.226;552.816;NL;NLD;Netherlands;
7159970;13-3-2020;804;190;10;5;0;0;5.234.226;552.816;NL;NLD;Netherlands;
7159972;14-3-2020;959;155;12;2;;;5.234.226;552.816;NL;NLD;Netherlands;
7159974;15-3-2020;1135;176;20;8;;;5.234.226;552.816;NL;NLD;Netherlands;
7159976;16-3-2020;1413;278;24;4;0;;5.234.226;552.816;NL;NLD;Netherlands;
7159978;17-3-2020;1705;292;43;19;;;5.234.226;552.816;NL;NLD;Netherlands;
7159981;18-3-2020;2051;346;58;15;;;5.234.226;552.816;NL;NLD;Netherlands;
7159983;19-3-2020;2460;409;76;18;;;5.234.226;552.816;NL;NLD;Netherlands;
7159985;20-3-2020;2994;534;106;30;;;5.234.226;552.816;NL;NLD;Netherlands;
7159987;21-3-2020;3631;637;136;30;;;5.234.226;552.816;NL;NLD;Netherlands;
7159989;22-3-2020;4204;573;179;43;;;5.234.226;552.816;NL;NLD;Netherlands;
7159991;23-3-2020;4749;545;213;34;;;5.234.226;552.816;NL;NLD;Netherlands;
7159993;24-3-2020;5560;811;276;63;;;5.234.226;552.816;NL;NLD;Netherlands;
7159995;25-3-2020;6412;852;356;80;;;5.234.226;552.816;NL;NLD;Netherlands;
7159997;26-3-2020;7431;1019;434;78;;;5.234.226;552.816;NL;NLD;Netherlands;
7159999;27-3-2020;8603;1172;546;112;;;5.234.226;552.816;NL;NLD;Netherlands;
7160001;28-3-2020;9762;1159;639;93;;;5.234.226;552.816;NL;NLD;Netherlands;
7160004;29-3-2020;10866;1104;771;132;;;5.234.226;552.816;NL;NLD;Netherlands;
7160018;30-3-2020;11750;884;864;93;;;5.234.226;552.816;NL;NLD;Netherlands;
7160020;31-3-2020;12595;845;1039;175;250;;5.234.226;552.816;NL;NLD;Netherlands;
7160022;1-4-2020;13614;1019;1173;134;;;5.234.226;552.816;NL;NLD;Netherlands;
7160024;2-4-2020;14697;1083;1339;166;0;;5.234.226;552.816;NL;NLD;Netherlands;
7160026;3-4-2020;15723;1026;1487;148;;;5.234.226;552.816;NL;NLD;Netherlands;
7160029;4-4-2020;16627;904;1651;164;;;5.234.226;552.816;NL;NLD;Netherlands;
7160031;5-4-2020;17851;1224;1766;115;;;5.234.226;552.816;NL;NLD;Netherlands;
7160033;6-4-2020;18803;952;1867;101;;;5.234.226;552.816;NL;NLD;Netherlands;
7160035;7-4-2020;19580;777;2101;234;;;5.234.226;552.816;NL;NLD;Netherlands;
7160038;8-4-2020;20549;969;2248;147;;;5.234.226;552.816;NL;NLD;Netherlands;
7160040;9-4-2020;21762;1213;2396;148;;;5.234.226;552.816;NL;NLD;Netherlands;
7160042;10-4-2020;23097;1335;2511;115;;;5.234.226;552.816;NL;NLD;Netherlands;
7160044;11-4-2020;24413;1316;2643;132;;;5.234.226;552.816;NL;NLD;Netherlands;
7160046;12-4-2020;25587;1174;2737;94;;;5.234.226;552.816;NL;NLD;Netherlands;
7160048;13-4-2020;26551;964;2823;86;;;5.234.226;552.816;NL;NLD;Netherlands;
7160050;14-4-2020;27419;868;2945;122;3459;;5.234.226;552.816;NL;NLD;Netherlands;
7160052;15-4-2020;28153;734;3134;189;3459;0;5.234.226;552.816;NL;NLD;Netherlands;
7160054;16-4-2020;29214;1061;3315;181;3459;0;5.234.226;552.816;NL;NLD;Netherlands;
7160056;17-4-2020;30449;1235;3459;144;3459;0;5.234.226;552.816;NL;NLD;Netherlands;
7160058;18-4-2020;31589;1140;3601;142;3459;0;5.234.226;552.816;NL;NLD;Netherlands;
7160060;19-4-2020;32655;1066;3684;83;3459;0;5.234.226;552.816;NL;NLD;Netherlands;
7160062;20-4-2020;33405;750;3751;67;3459;0;5.234.226;552.816;NL;NLD;Netherlands;
7160064;21-4-2020;34134;729;3916;165;;;5.234.226;552.816;NL;NLD;Netherlands;
7160066;22-4-2020;34842;708;4054;138;3459;;5.234.226;552.816;NL;NLD;Netherlands;
7422653;23-4-2020;35729;887;4177;123;;;5.234.226;552.816;NL;NLD;Netherlands;
7769040;24-4-2020;36535;806;4289;112;3459;;5.234.226;552.816;NL;NLD;Netherlands;
8359581;25-4-2020;37190;655;4409;120;;;5.234.226;552.816;NL;NLD;Netherlands;
8742728;26-4-2020;37845;655;4475;66;3459;;5.234.226;552.816;NL;NLD;Netherlands;
9386856;27-4-2020;38245;400;4518;43;;;5.234.226;552.816;NL;NLD;Netherlands;
9386857;28-4-2020;38416;171;4566;48;3459;;5.234.226;552.816;NL;NLD;Netherlands;
9386858;29-4-2020;38802;386;4711;145;3459;0;5.234.226;552.816;NL;NLD;Netherlands;
9386859;30-4-2020;39316;514;4795;84;3459;0;5.234.226;552.816;NL;NLD;Netherlands;
9386861;1-5-2020;39791;475;4893;98;3459;0;5.234.226;552.816;NL;NLD;Netherlands;
9386862;2-5-2020;40236;445;4987;94;3459;0;5.234.226;552.816;NL;NLD;Netherlands;
9386863;3-5-2020;40571;335;5056;69;3459;0;5.234.226;552.816;NL;NLD;Netherlands;
12625304;4-5-2020;40770;199;5082;26;3459;0;5.234.226;552.816;NL;NLD;Netherlands;
12911718;5-5-2020;41087;317;5168;86;3459;0;5.234.226;552.816;NL;NLD;Netherlands;
13473710;6-5-2020;41319;232;5204;36;3459;0;5.234.226;552.816;NL;NLD;Netherlands;
13841106;7-5-2020;41774;455;5288;84;3459;0;5.234.226;552.816;NL;NLD;Netherlands;
14278671;8-5-2020;42093;319;5359;71;3459;0;5.234.226;552.816;NL;NLD;Netherlands;
14881379;9-5-2020;42382;289;5422;63;3459;0;5.234.226;552.816;NL;NLD;Netherlands;
15175928;10-5-2020;42627;245;5440;18;3459;0;5.234.226;552.816;NL;NLD;Netherlands;
15616276;11-5-2020;42788;161;5456;16;3459;0;5.234.226;552.816;NL;NLD;Netherlands;
16045528;12-5-2020;42984;196;5510;54;3459;0;5.234.226;552.816;NL;NLD;Netherlands;
16430138;13-5-2020;43211;227;5562;52;3459;0;5.234.226;552.816;NL;NLD;Netherlands;
16846546;14-5-2020;43481;270;5590;28;3459;0;5.234.226;552.816;NL;NLD;Netherlands;
17277823;15-5-2020;43681;200;5643;53;3459;0;5.234.226;552.816;NL;NLD;Netherlands;
17654309;16-5-2020;43870;189;5670;27;3459;0;5.234.226;552.816;NL;NLD;Netherlands;
18146036;17-5-2020;43995;125;5680;10;3459;0;5.234.226;552.816;NL;NLD;Netherlands;
18514581;18-5-2020;44141;146;5694;14;3459;0;5.234.226;552.816;NL;NLD;Netherlands;
18881497;19-5-2020;44249;108;5715;21;3459;0;5.234.226;552.816;NL;NLD;Netherlands;
19254925;20-5-2020;44447;198;5748;33;3459;0;5.234.226;552.816;NL;NLD;Netherlands;
19817054;21-5-2020;44700;253;5775;27;;;5.234.226;552.816;NL;NLD;Netherlands;
20553685;22-5-2020;44888;188;5788;13;;;5.234.226;552.816;NL;NLD;Netherlands;
20964173;23-5-2020;45064;176;5811;23;;;5.234.226;552.816;NL;NLD;Netherlands;
21582532;24-5-2020;45236;172;5822;11;;;5.234.226;552.816;NL;NLD;Netherlands;
22118799;25-5-2020;45445;209;5830;8;;;5.234.226;552.816;NL;NLD;Netherlands;
22673343;26-5-2020;45578;133;5856;26;;;5.234.226;552.816;NL;NLD;Netherlands;
23192352;27-5-2020;45768;190;5871;15;;;5.234.226;552.816;NL;NLD;Netherlands;
23891406;28-5-2020;45950;182;5903;32;;;5.234.226;552.816;NL;NLD;Netherlands;
24337855;29-5-2020;46126;176;5931;28;;;5.234.226;552.816;NL;NLD;Netherlands;
24874333;30-5-2020;46257;131;5951;20;;;5.234.226;552.816;NL;NLD;Netherlands;
25344662;31-5-2020;46442;185;5956;5;;;5.234.226;552.816;NL;NLD;Netherlands;
25861250;1-6-2020;46545;103;5962;6;;;5.234.226;552.816;NL;NLD;Netherlands;
26364893;2-6-2020;46647;102;5967;5;;;5.234.226;552.816;NL;NLD;Netherlands;
26996377;3-6-2020;46733;86;5977;10;;;5.234.226;552.816;NL;NLD;Netherlands;
27578229;4-6-2020;46942;209;5990;13;;;5.234.226;552.816;NL;NLD;Netherlands;
28076786;5-6-2020;47152;210;6005;15;;;5.234.226;552.816;NL;NLD;Netherlands;
28750671;6-6-2020;47335;183;6011;6;;;5.234.226;552.816;NL;NLD;Netherlands;
29140069;7-6-2020;47574;239;6013;2;;;5.234.226;552.816;NL;NLD;Netherlands;
29610228;8-6-2020;47739;165;6016;3;;;5.234.226;552.816;NL;NLD;Netherlands;
30124822;9-6-2020;47903;164;6031;15;;;5.234.226;552.816;NL;NLD;Netherlands;
30735581;10-6-2020;48087;184;6042;11;;;5.234.226;552.816;NL;NLD;Netherlands;
31395447;11-6-2020;48251;164;6044;2;;;5.234.226;552.816;NL;NLD;Netherlands;
32027932;12-6-2020;48461;210;6053;9;;;5.234.226;552.816;NL;NLD;Netherlands;
32604418;13-6-2020;48640;179;6057;4;;;5.234.226;552.816;NL;NLD;Netherlands;
33189471;14-6-2020;48783;143;6059;2;;;5.234.226;552.816;NL;NLD;Netherlands;
33745452;15-6-2020;48948;165;6065;6;;;5.234.226;552.816;NL;NLD;Netherlands;
34359280;16-6-2020;49087;139;6070;5;;;5.234.226;552.816;NL;NLD;Netherlands;
34710933;17-6-2020;49204;117;6074;4;;;5.234.226;552.816;NL;NLD;Netherlands;
35200909;18-6-2020;49319;115;6078;4;;;5.234.226;552.816;NL;NLD;Netherlands;
35985236;19-6-2020;49426;107;6081;3;;;5.234.226;552.816;NL;NLD;Netherlands;
36401674;20-6-2020;49502;76;6089;8;;;5.234.226;552.816;NL;NLD;Netherlands;
36994963;21-6-2020;49593;91;6090;1;;;5.234.226;552.816;NL;NLD;Netherlands;
37630410;22-6-2020;49658;65;6090;0;;;5.234.226;552.816;NL;NLD;Netherlands;
38241790;23-6-2020;49722;64;6095;5;;;5.234.226;552.816;NL;NLD;Netherlands;
38810776;24-6-2020;49804;82;6097;2;;;5.234.226;552.816;NL;NLD;Netherlands;
39281416;25-6-2020;49914;110;6100;3;;;5.234.226;552.816;NL;NLD;Netherlands;
39281417;26-6-2020;50005;91;6103;3;;;5.234.226;552.816;NL;NLD;Netherlands;
39281418;27-6-2020;50074;69;6105;2;;;5.234.226;552.816;NL;NLD;Netherlands;
39281420;28-6-2020;50147;73;6105;0;;;5.234.226;552.816;NL;NLD;Netherlands;
40243085;29-6-2020;50223;76;6107;2;;;5.234.226;552.816;NL;NLD;Netherlands;
40552985;30-6-2020;50273;50;6113;6;;;5.234.226;552.816;NL;NLD;Netherlands;
41129624;1-7-2020;50333;60;6113;0;;;5.234.226;552.816;NL;NLD;Netherlands;
41129625;2-7-2020;50393;60;6113;0;;;5.234.226;552.816;NL;NLD;Netherlands;
41129626;3-7-2020;50453;60;6113;0;;;5.234.226;552.816;NL;NLD;Netherlands;
41129627;4-7-2020;50513;60;6113;0;;;5.234.226;552.816;NL;NLD;Netherlands;
41129628;5-7-2020;50573;60;6113;0;;;5.234.226;552.816;NL;NLD;Netherlands;
41129629;6-7-2020;50633;60;6113;0;;;5.234.226;552.816;NL;NLD;Netherlands;
41142417;7-7-2020;50694;61;6132;19;;;5.234.226;552.816;NL;NLD;Netherlands;
41493707;8-7-2020;50746;52;6135;3;;;5.234.226;552.816;NL;NLD;Netherlands;
41808337;9-7-2020;50749;3;6137;2;;;5.234.226;552.816;NL;NLD;Netherlands;
4485015;8-4-2020;78;;;;;;5.286.249;661.847;NL;NLD;Netherlands;Drenthe
4859743;10-4-2020;112;34;;;;;5.286.249;661.847;NL;NLD;Netherlands;Drenthe
5106701;12-4-2020;147;35;;;;;5.286.249;661.847;NL;NLD;Netherlands;Drenthe
5296236;14-4-2020;182;35;;;;;5.286.249;661.847;NL;NLD;Netherlands;Drenthe
5412863;16-4-2020;217;35;;;;;5.286.249;661.847;NL;NLD;Netherlands;Drenthe
5447041;18-4-2020;252;35;;;;;5.286.249;661.847;NL;NLD;Netherlands;Drenthe
5464649;20-4-2020;287;35;;;;;5.286.249;661.847;NL;NLD;Netherlands;Drenthe
5543836;22-4-2020;322;35;;;;;5.286.249;661.847;NL;NLD;Netherlands;Drenthe
6892356;24-4-2020;357;35;;;;;5.286.249;661.847;NL;NLD;Netherlands;Drenthe
6987558;26-4-2020;392;35;;;;;5.286.249;661.847;NL;NLD;Netherlands;Drenthe
7085024;28-4-2020;427;35;;;;;5.286.249;661.847;NL;NLD;Netherlands;Drenthe
7521918;29-4-2020;462;35;;;;;5.286.249;661.847;NL;NLD;Netherlands;Drenthe
8002064;30-4-2020;463;1;;;;;5.286.249;661.847;NL;NLD;Netherlands;Drenthe
8477533;1-5-2020;464;1;;;;;5.286.249;661.847;NL;NLD;Netherlands;Drenthe
8920648;2-5-2020;465;1;;;;;5.286.249;661.847;NL;NLD;Netherlands;Drenthe
9388973;3-5-2020;467;2;;;;;5.286.249;661.847;NL;NLD;Netherlands;Drenthe
9863769;4-5-2020;469;2;;;;;5.286.249;661.847;NL;NLD;Netherlands;Drenthe
10307496;5-5-2020;471;2;;;;;5.286.249;661.847;NL;NLD;Netherlands;Drenthe
10778407;6-5-2020;473;2;;;;;5.286.249;661.847;NL;NLD;Netherlands;Drenthe
11284933;7-5-2020;475;2;;;;;5.286.249;661.847;NL;NLD;Netherlands;Drenthe
11776532;8-5-2020;477;2;;;;;5.286.249;661.847;NL;NLD;Netherlands;Drenthe
12224325;9-5-2020;479;2;;;;;5.286.249;661.847;NL;NLD;Netherlands;Drenthe
12675072;10-5-2020;481;2;;;;;5.286.249;661.847;NL;NLD;Netherlands;Drenthe
13153022;11-5-2020;483;2;;;;;5.286.249;661.847;NL;NLD;Netherlands;Drenthe
13613448;12-5-2020;485;2;;;;;5.286.249;661.847;NL;NLD;Netherlands;Drenthe
14063063;13-5-2020;487;2;;;;;5.286.249;661.847;NL;NLD;Netherlands;Drenthe
14495270;14-5-2020;489;2;;;;;5.286.249;661.847;NL;NLD;Netherlands;Drenthe
14920572;15-5-2020;491;2;;;;;5.286.249;661.847;NL;NLD;Netherlands;Drenthe
15334660;16-5-2020;493;2;;;;;5.286.249;661.847;NL;NLD;Netherlands;Drenthe
15765659;17-5-2020;495;2;;;;;5.286.249;661.847;NL;NLD;Netherlands;Drenthe
16188077;18-5-2020;497;2;;;;;5.286.249;661.847;NL;NLD;Netherlands;Drenthe
16630757;19-5-2020;499;2;;;;;5.286.249;661.847;NL;NLD;Netherlands;Drenthe
17054591;20-5-2020;499;0;;;;;5.286.249;661.847;NL;NLD;Netherlands;Drenthe
17464439;21-5-2020;499;0;;;;;5.286.249;661.847;NL;NLD;Netherlands;Drenthe
17858047;22-5-2020;499;0;;;;;5.286.249;661.847;NL;NLD;Netherlands;Drenthe
18284939;23-5-2020;499;0;;;;;5.286.249;661.847;NL;NLD;Netherlands;Drenthe
18685203;24-5-2020;499;0;;;;;5.286.249;661.847;NL;NLD;Netherlands;Drenthe
19069087;25-5-2020;499;0;;;;;5.286.249;661.847;NL;NLD;Netherlands;Drenthe
19507700;26-5-2020;499;0;;;;;5.286.249;661.847;NL;NLD;Netherlands;Drenthe
20119175;27-5-2020;499;0;;;;;5.286.249;661.847;NL;NLD;Netherlands;Drenthe
20685611;28-5-2020;499;0;;;;;5.286.249;661.847;NL;NLD;Netherlands;Drenthe
21233634;29-5-2020;500;1;;;;;5.286.249;661.847;NL;NLD;Netherlands;Drenthe
21796337;30-5-2020;501;1;;;;;5.286.249;661.847;NL;NLD;Netherlands;Drenthe
22320632;31-5-2020;502;1;;;;;5.286.249;661.847;NL;NLD;Netherlands;Drenthe
22918797;1-6-2020;503;1;;;;;5.286.249;661.847;NL;NLD;Netherlands;Drenthe
23454335;2-6-2020;504;1;;;;;5.286.249;661.847;NL;NLD;Netherlands;Drenthe
23986952;3-6-2020;505;1;;;;;5.286.249;661.847;NL;NLD;Netherlands;Drenthe
24519677;4-6-2020;506;1;;;;;5.286.249;661.847;NL;NLD;Netherlands;Drenthe
25044117;5-6-2020;507;1;;;;;5.286.249;661.847;NL;NLD;Netherlands;Drenthe
25561559;6-6-2020;508;1;;;;;5.286.249;661.847;NL;NLD;Netherlands;Drenthe
26109052;7-6-2020;509;1;;;;;5.286.249;661.847;NL;NLD;Netherlands;Drenthe
26646092;8-6-2020;510;1;;;;;5.286.249;661.847;NL;NLD;Netherlands;Drenthe
27212719;9-6-2020;511;1;;;;;5.286.249;661.847;NL;NLD;Netherlands;Drenthe
27756501;10-6-2020;512;1;;;;;5.286.249;661.847;NL;NLD;Netherlands;Drenthe
28323646;11-6-2020;513;1;;;;;5.286.249;661.847;NL;NLD;Netherlands;Drenthe
28866310;12-6-2020;514;1;;;;;5.286.249;661.847;NL;NLD;Netherlands;Drenthe
29356791;13-6-2020;515;1;;;;;5.286.249;661.847;NL;NLD;Netherlands;Drenthe
29864378;14-6-2020;516;1;;;;;5.286.249;661.847;NL;NLD;Netherlands;Drenthe
30352035;15-6-2020;517;1;;;;;5.286.249;661.847;NL;NLD;Netherlands;Drenthe
30858445;16-6-2020;518;1;;;;;5.286.249;661.847;NL;NLD;Netherlands;Drenthe
31452928;17-6-2020;519;1;;;;;5.286.249;661.847;NL;NLD;Netherlands;Drenthe
32033578;18-6-2020;520;1;;;;;5.286.249;661.847;NL;NLD;Netherlands;Drenthe
32610255;19-6-2020;521;1;;;;;5.286.249;661.847;NL;NLD;Netherlands;Drenthe
33197343;20-6-2020;522;1;;;;;5.286.249;661.847;NL;NLD;Netherlands;Drenthe
33778867;21-6-2020;523;1;;;;;5.286.249;661.847;NL;NLD;Netherlands;Drenthe
34412455;22-6-2020;524;1;;;;;5.286.249;661.847;NL;NLD;Netherlands;Drenthe
34940105;23-6-2020;525;1;;;;;5.286.249;661.847;NL;NLD;Netherlands;Drenthe
35481599;24-6-2020;526;1;;;;;5.286.249;661.847;NL;NLD;Netherlands;Drenthe
36090914;25-6-2020;527;1;;;;;5.286.249;661.847;NL;NLD;Netherlands;Drenthe
36688048;26-6-2020;528;1;;;;;5.286.249;661.847;NL;NLD;Netherlands;Drenthe
37298142;27-6-2020;529;1;;;;;5.286.249;661.847;NL;NLD;Netherlands;Drenthe
37925301;28-6-2020;530;1;;;;;5.286.249;661.847;NL;NLD;Netherlands;Drenthe
38543307;29-6-2020;531;1;;;;;5.286.249;661.847;NL;NLD;Netherlands;Drenthe
39017861;30-6-2020;532;1;;;;;5.286.249;661.847;NL;NLD;Netherlands;Drenthe
39305086;1-7-2020;533;1;;;;;5.286.249;661.847;NL;NLD;Netherlands;Drenthe
39588812;2-7-2020;533;0;;;;;5.286.249;661.847;NL;NLD;Netherlands;Drenthe
39883701;3-7-2020;533;0;;;;;5.286.249;661.847;NL;NLD;Netherlands;Drenthe
40158343;4-7-2020;533;0;;;;;5.286.249;661.847;NL;NLD;Netherlands;Drenthe
40455493;5-7-2020;533;0;;;;;5.286.249;661.847;NL;NLD;Netherlands;Drenthe
40771400;6-7-2020;533;0;;;;;5.286.249;661.847;NL;NLD;Netherlands;Drenthe
41186659;7-7-2020;533;0;;;;;5.286.249;661.847;NL;NLD;Netherlands;Drenthe
41494760;8-7-2020;533;0;;;;;5.286.249;661.847;NL;NLD;Netherlands;Drenthe
41809028;9-7-2020;533;0;;;;;5.286.249;661.847;NL;NLD;Netherlands;Drenthe
4485018;8-4-2020;105;;;;;;5.255.039;551.517;NL;NLD;Netherlands;Flevoland
4859744;10-4-2020;159;54;;;;;5.255.039;551.517;NL;NLD;Netherlands;Flevoland
5106702;12-4-2020;213;54;;;;;5.255.039;551.517;NL;NLD;Netherlands;Flevoland
5296237;14-4-2020;267;54;;;;;5.255.039;551.517;NL;NLD;Netherlands;Flevoland
5412864;16-4-2020;321;54;;;;;5.255.039;551.517;NL;NLD;Netherlands;Flevoland
5447042;18-4-2020;376;55;;;;;5.255.039;551.517;NL;NLD;Netherlands;Flevoland
5464650;20-4-2020;431;55;;;;;5.255.039;551.517;NL;NLD;Netherlands;Flevoland
5543837;22-4-2020;486;55;;;;;5.255.039;551.517;NL;NLD;Netherlands;Flevoland
6892357;24-4-2020;541;55;;;;;5.255.039;551.517;NL;NLD;Netherlands;Flevoland
6987559;26-4-2020;596;55;;;;;5.255.039;551.517;NL;NLD;Netherlands;Flevoland
7085025;28-4-2020;651;55;;;;;5.255.039;551.517;NL;NLD;Netherlands;Flevoland
7521920;29-4-2020;706;55;;;;;5.255.039;551.517;NL;NLD;Netherlands;Flevoland
8002065;30-4-2020;714;8;;;;;5.255.039;551.517;NL;NLD;Netherlands;Flevoland
8477534;1-5-2020;722;8;;;;;5.255.039;551.517;NL;NLD;Netherlands;Flevoland
8920651;2-5-2020;730;8;;;;;5.255.039;551.517;NL;NLD;Netherlands;Flevoland
9388975;3-5-2020;738;8;;;;;5.255.039;551.517;NL;NLD;Netherlands;Flevoland
9863770;4-5-2020;747;9;;;;;5.255.039;551.517;NL;NLD;Netherlands;Flevoland
10307498;5-5-2020;756;9;;;;;5.255.039;551.517;NL;NLD;Netherlands;Flevoland
10778408;6-5-2020;765;9;;;;;5.255.039;551.517;NL;NLD;Netherlands;Flevoland
11284937;7-5-2020;774;9;;;;;5.255.039;551.517;NL;NLD;Netherlands;Flevoland
11776534;8-5-2020;783;9;;;;;5.255.039;551.517;NL;NLD;Netherlands;Flevoland
12224326;9-5-2020;792;9;;;;;5.255.039;551.517;NL;NLD;Netherlands;Flevoland
12675074;10-5-2020;801;9;;;;;5.255.039;551.517;NL;NLD;Netherlands;Flevoland
13153024;11-5-2020;810;9;;;;;5.255.039;551.517;NL;NLD;Netherlands;Flevoland
13613451;12-5-2020;819;9;;;;;5.255.039;551.517;NL;NLD;Netherlands;Flevoland
14063065;13-5-2020;828;9;;;;;5.255.039;551.517;NL;NLD;Netherlands;Flevoland
14495272;14-5-2020;837;9;;;;;5.255.039;551.517;NL;NLD;Netherlands;Flevoland
14920573;15-5-2020;846;9;;;;;5.255.039;551.517;NL;NLD;Netherlands;Flevoland
15334662;16-5-2020;855;9;;;;;5.255.039;551.517;NL;NLD;Netherlands;Flevoland
15765667;17-5-2020;864;9;;;;;5.255.039;551.517;NL;NLD;Netherlands;Flevoland
16188078;18-5-2020;873;9;;;;;5.255.039;551.517;NL;NLD;Netherlands;Flevoland
16630760;19-5-2020;882;9;;;;;5.255.039;551.517;NL;NLD;Netherlands;Flevoland
17054592;20-5-2020;884;2;;;;;5.255.039;551.517;NL;NLD;Netherlands;Flevoland
17464441;21-5-2020;886;2;;;;;5.255.039;551.517;NL;NLD;Netherlands;Flevoland
17858049;22-5-2020;888;2;;;;;5.255.039;551.517;NL;NLD;Netherlands;Flevoland
18284944;23-5-2020;890;2;;;;;5.255.039;551.517;NL;NLD;Netherlands;Flevoland
18685204;24-5-2020;892;2;;;;;5.255.039;551.517;NL;NLD;Netherlands;Flevoland
19069089;25-5-2020;894;2;;;;;5.255.039;551.517;NL;NLD;Netherlands;Flevoland
19507701;26-5-2020;896;2;;;;;5.255.039;551.517;NL;NLD;Netherlands;Flevoland
20119176;27-5-2020;898;2;;;;;5.255.039;551.517;NL;NLD;Netherlands;Flevoland
20685612;28-5-2020;900;2;;;;;5.255.039;551.517;NL;NLD;Netherlands;Flevoland
21233638;29-5-2020;902;2;;;;;5.255.039;551.517;NL;NLD;Netherlands;Flevoland
21796338;30-5-2020;904;2;;;;;5.255.039;551.517;NL;NLD;Netherlands;Flevoland
22320633;31-5-2020;906;2;;;;;5.255.039;551.517;NL;NLD;Netherlands;Flevoland
22918798;1-6-2020;908;2;;;;;5.255.039;551.517;NL;NLD;Netherlands;Flevoland
23454336;2-6-2020;910;2;;;;;5.255.039;551.517;NL;NLD;Netherlands;Flevoland
23986954;3-6-2020;912;2;;;;;5.255.039;551.517;NL;NLD;Netherlands;Flevoland
24519680;4-6-2020;914;2;;;;;5.255.039;551.517;NL;NLD;Netherlands;Flevoland
25044118;5-6-2020;916;2;;;;;5.255.039;551.517;NL;NLD;Netherlands;Flevoland
25561560;6-6-2020;918;2;;;;;5.255.039;551.517;NL;NLD;Netherlands;Flevoland
26109053;7-6-2020;920;2;;;;;5.255.039;551.517;NL;NLD;Netherlands;Flevoland
26646096;8-6-2020;922;2;;;;;5.255.039;551.517;NL;NLD;Netherlands;Flevoland
27212721;9-6-2020;924;2;;;;;5.255.039;551.517;NL;NLD;Netherlands;Flevoland
27756504;10-6-2020;926;2;;;;;5.255.039;551.517;NL;NLD;Netherlands;Flevoland
28323648;11-6-2020;928;2;;;;;5.255.039;551.517;NL;NLD;Netherlands;Flevoland
28866311;12-6-2020;930;2;;;;;5.255.039;551.517;NL;NLD;Netherlands;Flevoland
29356793;13-6-2020;932;2;;;;;5.255.039;551.517;NL;NLD;Netherlands;Flevoland
29864379;14-6-2020;934;2;;;;;5.255.039;551.517;NL;NLD;Netherlands;Flevoland
30352048;15-6-2020;936;2;;;;;5.255.039;551.517;NL;NLD;Netherlands;Flevoland
30858448;16-6-2020;939;3;;;;;5.255.039;551.517;NL;NLD;Netherlands;Flevoland
31452929;17-6-2020;942;3;;;;;5.255.039;551.517;NL;NLD;Netherlands;Flevoland
32033580;18-6-2020;945;3;;;;;5.255.039;551.517;NL;NLD;Netherlands;Flevoland
32610256;19-6-2020;948;3;;;;;5.255.039;551.517;NL;NLD;Netherlands;Flevoland
33197344;20-6-2020;951;3;;;;;5.255.039;551.517;NL;NLD;Netherlands;Flevoland
33778869;21-6-2020;954;3;;;;;5.255.039;551.517;NL;NLD;Netherlands;Flevoland
34412456;22-6-2020;957;3;;;;;5.255.039;551.517;NL;NLD;Netherlands;Flevoland
34940106;23-6-2020;960;3;;;;;5.255.039;551.517;NL;NLD;Netherlands;Flevoland
35481600;24-6-2020;963;3;;;;;5.255.039;551.517;NL;NLD;Netherlands;Flevoland
36090915;25-6-2020;966;3;;;;;5.255.039;551.517;NL;NLD;Netherlands;Flevoland
36688051;26-6-2020;969;3;;;;;5.255.039;551.517;NL;NLD;Netherlands;Flevoland
37298145;27-6-2020;972;3;;;;;5.255.039;551.517;NL;NLD;Netherlands;Flevoland
37925302;28-6-2020;975;3;;;;;5.255.039;551.517;NL;NLD;Netherlands;Flevoland
38543310;29-6-2020;978;3;;;;;5.255.039;551.517;NL;NLD;Netherlands;Flevoland
39017862;30-6-2020;981;3;;;;;5.255.039;551.517;NL;NLD;Netherlands;Flevoland
39305087;1-7-2020;984;3;;;;;5.255.039;551.517;NL;NLD;Netherlands;Flevoland
39588813;2-7-2020;984;0;;;;;5.255.039;551.517;NL;NLD;Netherlands;Flevoland
39883703;3-7-2020;984;0;;;;;5.255.039;551.517;NL;NLD;Netherlands;Flevoland
40158345;4-7-2020;984;0;;;;;5.255.039;551.517;NL;NLD;Netherlands;Flevoland
40455496;5-7-2020;984;0;;;;;5.255.039;551.517;NL;NLD;Netherlands;Flevoland
40771401;6-7-2020;984;0;;;;;5.255.039;551.517;NL;NLD;Netherlands;Flevoland
41186660;7-7-2020;984;0;;;;;5.255.039;551.517;NL;NLD;Netherlands;Flevoland
41494763;8-7-2020;984;0;;;;;5.255.039;551.517;NL;NLD;Netherlands;Flevoland
41809031;9-7-2020;984;0;;;;;5.255.039;551.517;NL;NLD;Netherlands;Flevoland
4485021;8-4-2020;81;;;;;;5.306.741;580.652;NL;NLD;Netherlands;Friesland
4859745;10-4-2020;120;39;;;;;5.306.741;580.652;NL;NLD;Netherlands;Friesland
5106703;12-4-2020;160;40;;;;;5.306.741;580.652;NL;NLD;Netherlands;Friesland
5296238;14-4-2020;200;40;;;;;5.306.741;580.652;NL;NLD;Netherlands;Friesland
5412865;16-4-2020;240;40;;;;;5.306.741;580.652;NL;NLD;Netherlands;Friesland
5447043;18-4-2020;280;40;;;;;5.306.741;580.652;NL;NLD;Netherlands;Friesland
5464651;20-4-2020;320;40;;;;;5.306.741;580.652;NL;NLD;Netherlands;Friesland
5543838;22-4-2020;360;40;;;;;5.306.741;580.652;NL;NLD;Netherlands;Friesland
6892358;24-4-2020;400;40;;;;;5.306.741;580.652;NL;NLD;Netherlands;Friesland
6987560;26-4-2020;440;40;;;;;5.306.741;580.652;NL;NLD;Netherlands;Friesland
7085026;28-4-2020;480;40;;;;;5.306.741;580.652;NL;NLD;Netherlands;Friesland
7521922;29-4-2020;520;40;;;;;5.306.741;580.652;NL;NLD;Netherlands;Friesland
8002067;30-4-2020;523;3;;;;;5.306.741;580.652;NL;NLD;Netherlands;Friesland
8477535;1-5-2020;526;3;;;;;5.306.741;580.652;NL;NLD;Netherlands;Friesland
8920654;2-5-2020;530;4;;;;;5.306.741;580.652;NL;NLD;Netherlands;Friesland
9388978;3-5-2020;534;4;;;;;5.306.741;580.652;NL;NLD;Netherlands;Friesland
9863771;4-5-2020;538;4;;;;;5.306.741;580.652;NL;NLD;Netherlands;Friesland
10307500;5-5-2020;542;4;;;;;5.306.741;580.652;NL;NLD;Netherlands;Friesland
10778410;6-5-2020;546;4;;;;;5.306.741;580.652;NL;NLD;Netherlands;Friesland
11284941;7-5-2020;550;4;;;;;5.306.741;580.652;NL;NLD;Netherlands;Friesland
11776535;8-5-2020;554;4;;;;;5.306.741;580.652;NL;NLD;Netherlands;Friesland
12224328;9-5-2020;558;4;;;;;5.306.741;580.652;NL;NLD;Netherlands;Friesland
12675076;10-5-2020;562;4;;;;;5.306.741;580.652;NL;NLD;Netherlands;Friesland
13153026;11-5-2020;566;4;;;;;5.306.741;580.652;NL;NLD;Netherlands;Friesland
13613453;12-5-2020;570;4;;;;;5.306.741;580.652;NL;NLD;Netherlands;Friesland
14063067;13-5-2020;574;4;;;;;5.306.741;580.652;NL;NLD;Netherlands;Friesland
14495274;14-5-2020;578;4;;;;;5.306.741;580.652;NL;NLD;Netherlands;Friesland
14920576;15-5-2020;582;4;;;;;5.306.741;580.652;NL;NLD;Netherlands;Friesland
15334664;16-5-2020;586;4;;;;;5.306.741;580.652;NL;NLD;Netherlands;Friesland
15765675;17-5-2020;590;4;;;;;5.306.741;580.652;NL;NLD;Netherlands;Friesland
16188079;18-5-2020;594;4;;;;;5.306.741;580.652;NL;NLD;Netherlands;Friesland
16630763;19-5-2020;598;4;;;;;5.306.741;580.652;NL;NLD;Netherlands;Friesland
17054593;20-5-2020;598;0;;;;;5.306.741;580.652;NL;NLD;Netherlands;Friesland
17464442;21-5-2020;598;0;;;;;5.306.741;580.652;NL;NLD;Netherlands;Friesland
17858050;22-5-2020;598;0;;;;;5.306.741;580.652;NL;NLD;Netherlands;Friesland
18284948;23-5-2020;598;0;;;;;5.306.741;580.652;NL;NLD;Netherlands;Friesland
18685206;24-5-2020;598;0;;;;;5.306.741;580.652;NL;NLD;Netherlands;Friesland
19069091;25-5-2020;598;0;;;;;5.306.741;580.652;NL;NLD;Netherlands;Friesland
19507702;26-5-2020;598;0;;;;;5.306.741;580.652;NL;NLD;Netherlands;Friesland
20119177;27-5-2020;598;0;;;;;5.306.741;580.652;NL;NLD;Netherlands;Friesland
20685614;28-5-2020;598;0;;;;;5.306.741;580.652;NL;NLD;Netherlands;Friesland
21233642;29-5-2020;598;0;;;;;5.306.741;580.652;NL;NLD;Netherlands;Friesland
21796340;30-5-2020;599;1;;;;;5.306.741;580.652;NL;NLD;Netherlands;Friesland
22320634;31-5-2020;600;1;;;;;5.306.741;580.652;NL;NLD;Netherlands;Friesland
22918801;1-6-2020;601;1;;;;;5.306.741;580.652;NL;NLD;Netherlands;Friesland
23454337;2-6-2020;602;1;;;;;5.306.741;580.652;NL;NLD;Netherlands;Friesland
23986957;3-6-2020;603;1;;;;;5.306.741;580.652;NL;NLD;Netherlands;Friesland
24519681;4-6-2020;604;1;;;;;5.306.741;580.652;NL;NLD;Netherlands;Friesland
25044120;5-6-2020;605;1;;;;;5.306.741;580.652;NL;NLD;Netherlands;Friesland
25561561;6-6-2020;606;1;;;;;5.306.741;580.652;NL;NLD;Netherlands;Friesland
26109055;7-6-2020;607;1;;;;;5.306.741;580.652;NL;NLD;Netherlands;Friesland
26646098;8-6-2020;608;1;;;;;5.306.741;580.652;NL;NLD;Netherlands;Friesland
27212724;9-6-2020;609;1;;;;;5.306.741;580.652;NL;NLD;Netherlands;Friesland
27756507;10-6-2020;610;1;;;;;5.306.741;580.652;NL;NLD;Netherlands;Friesland
28323650;11-6-2020;611;1;;;;;5.306.741;580.652;NL;NLD;Netherlands;Friesland
28866312;12-6-2020;612;1;;;;;5.306.741;580.652;NL;NLD;Netherlands;Friesland
29356794;13-6-2020;613;1;;;;;5.306.741;580.652;NL;NLD;Netherlands;Friesland
29864380;14-6-2020;614;1;;;;;5.306.741;580.652;NL;NLD;Netherlands;Friesland
30352058;15-6-2020;615;1;;;;;5.306.741;580.652;NL;NLD;Netherlands;Friesland
30858451;16-6-2020;616;1;;;;;5.306.741;580.652;NL;NLD;Netherlands;Friesland
31452930;17-6-2020;617;1;;;;;5.306.741;580.652;NL;NLD;Netherlands;Friesland
32033583;18-6-2020;618;1;;;;;5.306.741;580.652;NL;NLD;Netherlands;Friesland
32610257;19-6-2020;619;1;;;;;5.306.741;580.652;NL;NLD;Netherlands;Friesland
33197345;20-6-2020;620;1;;;;;5.306.741;580.652;NL;NLD;Netherlands;Friesland
33778870;21-6-2020;621;1;;;;;5.306.741;580.652;NL;NLD;Netherlands;Friesland
34412458;22-6-2020;622;1;;;;;5.306.741;580.652;NL;NLD;Netherlands;Friesland
34940107;23-6-2020;623;1;;;;;5.306.741;580.652;NL;NLD;Netherlands;Friesland
35481601;24-6-2020;624;1;;;;;5.306.741;580.652;NL;NLD;Netherlands;Friesland
36090916;25-6-2020;625;1;;;;;5.306.741;580.652;NL;NLD;Netherlands;Friesland
36688053;26-6-2020;626;1;;;;;5.306.741;580.652;NL;NLD;Netherlands;Friesland
37298148;27-6-2020;627;1;;;;;5.306.741;580.652;NL;NLD;Netherlands;Friesland
37925304;28-6-2020;628;1;;;;;5.306.741;580.652;NL;NLD;Netherlands;Friesland
38543313;29-6-2020;629;1;;;;;5.306.741;580.652;NL;NLD;Netherlands;Friesland
39017863;30-6-2020;630;1;;;;;5.306.741;580.652;NL;NLD;Netherlands;Friesland
39305088;1-7-2020;631;1;;;;;5.306.741;580.652;NL;NLD;Netherlands;Friesland
39588815;2-7-2020;631;0;;;;;5.306.741;580.652;NL;NLD;Netherlands;Friesland
39883706;3-7-2020;631;0;;;;;5.306.741;580.652;NL;NLD;Netherlands;Friesland
40158347;4-7-2020;631;0;;;;;5.306.741;580.652;NL;NLD;Netherlands;Friesland
40455499;5-7-2020;631;0;;;;;5.306.741;580.652;NL;NLD;Netherlands;Friesland
40771402;6-7-2020;631;0;;;;;5.306.741;580.652;NL;NLD;Netherlands;Friesland
41186661;7-7-2020;631;0;;;;;5.306.741;580.652;NL;NLD;Netherlands;Friesland
41494767;8-7-2020;631;0;;;;;5.306.741;580.652;NL;NLD;Netherlands;Friesland
41809034;9-7-2020;631;0;;;;;5.306.741;580.652;NL;NLD;Netherlands;Friesland
4485023;8-4-2020;926;;;;;;5.206.172;593.912;NL;NLD;Netherlands;Gelderland
4859746;10-4-2020;1289;363;;;;;5.206.172;593.912;NL;NLD;Netherlands;Gelderland
5106704;12-4-2020;1652;363;;;;;5.206.172;593.912;NL;NLD;Netherlands;Gelderland
5296239;14-4-2020;2015;363;;;;;5.206.172;593.912;NL;NLD;Netherlands;Gelderland
5412866;16-4-2020;2378;363;;;;;5.206.172;593.912;NL;NLD;Netherlands;Gelderland
5447044;18-4-2020;2742;364;;;;;5.206.172;593.912;NL;NLD;Netherlands;Gelderland
5464652;20-4-2020;3106;364;;;;;5.206.172;593.912;NL;NLD;Netherlands;Gelderland
5543839;22-4-2020;3470;364;;;;;5.206.172;593.912;NL;NLD;Netherlands;Gelderland
6892359;24-4-2020;3834;364;;;;;5.206.172;593.912;NL;NLD;Netherlands;Gelderland
6987561;26-4-2020;4198;364;;;;;5.206.172;593.912;NL;NLD;Netherlands;Gelderland
7085027;28-4-2020;4562;364;;;;;5.206.172;593.912;NL;NLD;Netherlands;Gelderland
7521924;29-4-2020;4926;364;;;;;5.206.172;593.912;NL;NLD;Netherlands;Gelderland
8002068;30-4-2020;4958;32;;;;;5.206.172;593.912;NL;NLD;Netherlands;Gelderland
8477536;1-5-2020;4990;32;;;;;5.206.172;593.912;NL;NLD;Netherlands;Gelderland
8920657;2-5-2020;5022;32;;;;;5.206.172;593.912;NL;NLD;Netherlands;Gelderland
9388981;3-5-2020;5054;32;;;;;5.206.172;593.912;NL;NLD;Netherlands;Gelderland
9863772;4-5-2020;5086;32;;;;;5.206.172;593.912;NL;NLD;Netherlands;Gelderland
10307501;5-5-2020;5118;32;;;;;5.206.172;593.912;NL;NLD;Netherlands;Gelderland
10778412;6-5-2020;5150;32;;;;;5.206.172;593.912;NL;NLD;Netherlands;Gelderland
11284944;7-5-2020;5182;32;;;;;5.206.172;593.912;NL;NLD;Netherlands;Gelderland
11776537;8-5-2020;5214;32;;;;;5.206.172;593.912;NL;NLD;Netherlands;Gelderland
12224329;9-5-2020;5246;32;;;;;5.206.172;593.912;NL;NLD;Netherlands;Gelderland
12675078;10-5-2020;5278;32;;;;;5.206.172;593.912;NL;NLD;Netherlands;Gelderland
13153029;11-5-2020;5310;32;;;;;5.206.172;593.912;NL;NLD;Netherlands;Gelderland
13613455;12-5-2020;5343;33;;;;;5.206.172;593.912;NL;NLD;Netherlands;Gelderland
14063068;13-5-2020;5376;33;;;;;5.206.172;593.912;NL;NLD;Netherlands;Gelderland
14495275;14-5-2020;5409;33;;;;;5.206.172;593.912;NL;NLD;Netherlands;Gelderland
14920577;15-5-2020;5442;33;;;;;5.206.172;593.912;NL;NLD;Netherlands;Gelderland
15334666;16-5-2020;5475;33;;;;;5.206.172;593.912;NL;NLD;Netherlands;Gelderland
15765680;17-5-2020;5508;33;;;;;5.206.172;593.912;NL;NLD;Netherlands;Gelderland
16188080;18-5-2020;5541;33;;;;;5.206.172;593.912;NL;NLD;Netherlands;Gelderland
16630766;19-5-2020;5574;33;;;;;5.206.172;593.912;NL;NLD;Netherlands;Gelderland
17054594;20-5-2020;5594;20;;;;;5.206.172;593.912;NL;NLD;Netherlands;Gelderland
17464444;21-5-2020;5614;20;;;;;5.206.172;593.912;NL;NLD;Netherlands;Gelderland
17858052;22-5-2020;5634;20;;;;;5.206.172;593.912;NL;NLD;Netherlands;Gelderland
18284950;23-5-2020;5654;20;;;;;5.206.172;593.912;NL;NLD;Netherlands;Gelderland
18685208;24-5-2020;5674;20;;;;;5.206.172;593.912;NL;NLD;Netherlands;Gelderland
19069093;25-5-2020;5695;21;;;;;5.206.172;593.912;NL;NLD;Netherlands;Gelderland
19507703;26-5-2020;5716;21;;;;;5.206.172;593.912;NL;NLD;Netherlands;Gelderland
20119178;27-5-2020;5737;21;;;;;5.206.172;593.912;NL;NLD;Netherlands;Gelderland
20685616;28-5-2020;5758;21;;;;;5.206.172;593.912;NL;NLD;Netherlands;Gelderland
21233645;29-5-2020;5779;21;;;;;5.206.172;593.912;NL;NLD;Netherlands;Gelderland
21796341;30-5-2020;5800;21;;;;;5.206.172;593.912;NL;NLD;Netherlands;Gelderland
22320636;31-5-2020;5821;21;;;;;5.206.172;593.912;NL;NLD;Netherlands;Gelderland
22918802;1-6-2020;5842;21;;;;;5.206.172;593.912;NL;NLD;Netherlands;Gelderland
23454338;2-6-2020;5863;21;;;;;5.206.172;593.912;NL;NLD;Netherlands;Gelderland
23986960;3-6-2020;5884;21;;;;;5.206.172;593.912;NL;NLD;Netherlands;Gelderland
24519683;4-6-2020;5905;21;;;;;5.206.172;593.912;NL;NLD;Netherlands;Gelderland
25044121;5-6-2020;5926;21;;;;;5.206.172;593.912;NL;NLD;Netherlands;Gelderland
25561562;6-6-2020;5947;21;;;;;5.206.172;593.912;NL;NLD;Netherlands;Gelderland
26109056;7-6-2020;5968;21;;;;;5.206.172;593.912;NL;NLD;Netherlands;Gelderland
26646101;8-6-2020;5989;21;;;;;5.206.172;593.912;NL;NLD;Netherlands;Gelderland
27212727;9-6-2020;6010;21;;;;;5.206.172;593.912;NL;NLD;Netherlands;Gelderland
27756510;10-6-2020;6031;21;;;;;5.206.172;593.912;NL;NLD;Netherlands;Gelderland
28323652;11-6-2020;6052;21;;;;;5.206.172;593.912;NL;NLD;Netherlands;Gelderland
28866315;12-6-2020;6073;21;;;;;5.206.172;593.912;NL;NLD;Netherlands;Gelderland
29356796;13-6-2020;6094;21;;;;;5.206.172;593.912;NL;NLD;Netherlands;Gelderland
29864381;14-6-2020;6115;21;;;;;5.206.172;593.912;NL;NLD;Netherlands;Gelderland
30352072;15-6-2020;6136;21;;;;;5.206.172;593.912;NL;NLD;Netherlands;Gelderland
30858454;16-6-2020;6157;21;;;;;5.206.172;593.912;NL;NLD;Netherlands;Gelderland
31452931;17-6-2020;6178;21;;;;;5.206.172;593.912;NL;NLD;Netherlands;Gelderland
32033585;18-6-2020;6199;21;;;;;5.206.172;593.912;NL;NLD;Netherlands;Gelderland
32610259;19-6-2020;6220;21;;;;;5.206.172;593.912;NL;NLD;Netherlands;Gelderland
33197346;20-6-2020;6241;21;;;;;5.206.172;593.912;NL;NLD;Netherlands;Gelderland
33778872;21-6-2020;6262;21;;;;;5.206.172;593.912;NL;NLD;Netherlands;Gelderland
34412460;22-6-2020;6283;21;;;;;5.206.172;593.912;NL;NLD;Netherlands;Gelderland
34940108;23-6-2020;6304;21;;;;;5.206.172;593.912;NL;NLD;Netherlands;Gelderland
35481602;24-6-2020;6325;21;;;;;5.206.172;593.912;NL;NLD;Netherlands;Gelderland
36090917;25-6-2020;6346;21;;;;;5.206.172;593.912;NL;NLD;Netherlands;Gelderland
36688056;26-6-2020;6367;21;;;;;5.206.172;593.912;NL;NLD;Netherlands;Gelderland
37298150;27-6-2020;6388;21;;;;;5.206.172;593.912;NL;NLD;Netherlands;Gelderland
37925306;28-6-2020;6409;21;;;;;5.206.172;593.912;NL;NLD;Netherlands;Gelderland
38543316;29-6-2020;6430;21;;;;;5.206.172;593.912;NL;NLD;Netherlands;Gelderland
39017864;30-6-2020;6451;21;;;;;5.206.172;593.912;NL;NLD;Netherlands;Gelderland
39305089;1-7-2020;6472;21;;;;;5.206.172;593.912;NL;NLD;Netherlands;Gelderland
39588816;2-7-2020;6472;0;;;;;5.206.172;593.912;NL;NLD;Netherlands;Gelderland
39883708;3-7-2020;6472;0;;;;;5.206.172;593.912;NL;NLD;Netherlands;Gelderland
40158349;4-7-2020;6472;0;;;;;5.206.172;593.912;NL;NLD;Netherlands;Gelderland
40455502;5-7-2020;6472;0;;;;;5.206.172;593.912;NL;NLD;Netherlands;Gelderland
40771403;6-7-2020;6472;0;;;;;5.206.172;593.912;NL;NLD;Netherlands;Gelderland
41186662;7-7-2020;6472;0;;;;;5.206.172;593.912;NL;NLD;Netherlands;Gelderland
41494768;8-7-2020;6472;0;;;;;5.206.172;593.912;NL;NLD;Netherlands;Gelderland
41809038;9-7-2020;6472;0;;;;;5.206.172;593.912;NL;NLD;Netherlands;Gelderland
4485025;8-4-2020;120;;;;;;5.321.801;675.363;NL;NLD;Netherlands;Groningen
4859747;10-4-2020;139;19;;;;;5.321.801;675.363;NL;NLD;Netherlands;Groningen
5106705;12-4-2020;158;19;;;;;5.321.801;675.363;NL;NLD;Netherlands;Groningen
5296240;14-4-2020;177;19;;;;;5.321.801;675.363;NL;NLD;Netherlands;Groningen
5412867;16-4-2020;196;19;;;;;5.321.801;675.363;NL;NLD;Netherlands;Groningen
5447045;18-4-2020;215;19;;;;;5.321.801;675.363;NL;NLD;Netherlands;Groningen
5464653;20-4-2020;234;19;;;;;5.321.801;675.363;NL;NLD;Netherlands;Groningen
5543840;22-4-2020;254;20;;;;;5.321.801;675.363;NL;NLD;Netherlands;Groningen
6892360;24-4-2020;274;20;;;;;5.321.801;675.363;NL;NLD;Netherlands;Groningen
6987562;26-4-2020;294;20;;;;;5.321.801;675.363;NL;NLD;Netherlands;Groningen
7085028;28-4-2020;314;20;;;;;5.321.801;675.363;NL;NLD;Netherlands;Groningen
7521925;29-4-2020;334;20;;;;;5.321.801;675.363;NL;NLD;Netherlands;Groningen
8002070;30-4-2020;334;0;;;;;5.321.801;675.363;NL;NLD;Netherlands;Groningen
8477537;1-5-2020;334;0;;;;;5.321.801;675.363;NL;NLD;Netherlands;Groningen
8920660;2-5-2020;334;0;;;;;5.321.801;675.363;NL;NLD;Netherlands;Groningen
9388984;3-5-2020;334;0;;;;;5.321.801;675.363;NL;NLD;Netherlands;Groningen
9863773;4-5-2020;334;0;;;;;5.321.801;675.363;NL;NLD;Netherlands;Groningen
10307503;5-5-2020;334;0;;;;;5.321.801;675.363;NL;NLD;Netherlands;Groningen
10778413;6-5-2020;334;0;;;;;5.321.801;675.363;NL;NLD;Netherlands;Groningen
11284947;7-5-2020;334;0;;;;;5.321.801;675.363;NL;NLD;Netherlands;Groningen
11776540;8-5-2020;334;0;;;;;5.321.801;675.363;NL;NLD;Netherlands;Groningen
12224331;9-5-2020;334;0;;;;;5.321.801;675.363;NL;NLD;Netherlands;Groningen
12675080;10-5-2020;335;1;;;;;5.321.801;675.363;NL;NLD;Netherlands;Groningen
13153031;11-5-2020;336;1;;;;;5.321.801;675.363;NL;NLD;Netherlands;Groningen
13613457;12-5-2020;337;1;;;;;5.321.801;675.363;NL;NLD;Netherlands;Groningen
14063070;13-5-2020;338;1;;;;;5.321.801;675.363;NL;NLD;Netherlands;Groningen
14495277;14-5-2020;339;1;;;;;5.321.801;675.363;NL;NLD;Netherlands;Groningen
14920580;15-5-2020;340;1;;;;;5.321.801;675.363;NL;NLD;Netherlands;Groningen
15334668;16-5-2020;341;1;;;;;5.321.801;675.363;NL;NLD;Netherlands;Groningen
15765684;17-5-2020;342;1;;;;;5.321.801;675.363;NL;NLD;Netherlands;Groningen
16188081;18-5-2020;343;1;;;;;5.321.801;675.363;NL;NLD;Netherlands;Groningen
16630769;19-5-2020;344;1;;;;;5.321.801;675.363;NL;NLD;Netherlands;Groningen
17054595;20-5-2020;344;0;;;;;5.321.801;675.363;NL;NLD;Netherlands;Groningen
17464445;21-5-2020;344;0;;;;;5.321.801;675.363;NL;NLD;Netherlands;Groningen
17858053;22-5-2020;344;0;;;;;5.321.801;675.363;NL;NLD;Netherlands;Groningen
18284953;23-5-2020;344;0;;;;;5.321.801;675.363;NL;NLD;Netherlands;Groningen
18685210;24-5-2020;344;0;;;;;5.321.801;675.363;NL;NLD;Netherlands;Groningen
19069095;25-5-2020;344;0;;;;;5.321.801;675.363;NL;NLD;Netherlands;Groningen
19507704;26-5-2020;344;0;;;;;5.321.801;675.363;NL;NLD;Netherlands;Groningen
20119179;27-5-2020;344;0;;;;;5.321.801;675.363;NL;NLD;Netherlands;Groningen
20685618;28-5-2020;344;0;;;;;5.321.801;675.363;NL;NLD;Netherlands;Groningen
21233649;29-5-2020;344;0;;;;;5.321.801;675.363;NL;NLD;Netherlands;Groningen
21796343;30-5-2020;344;0;;;;;5.321.801;675.363;NL;NLD;Netherlands;Groningen
22320638;31-5-2020;344;0;;;;;5.321.801;675.363;NL;NLD;Netherlands;Groningen
22918805;1-6-2020;344;0;;;;;5.321.801;675.363;NL;NLD;Netherlands;Groningen
23454339;2-6-2020;344;0;;;;;5.321.801;675.363;NL;NLD;Netherlands;Groningen
23986964;3-6-2020;344;0;;;;;5.321.801;675.363;NL;NLD;Netherlands;Groningen
24519684;4-6-2020;344;0;;;;;5.321.801;675.363;NL;NLD;Netherlands;Groningen
25044122;5-6-2020;344;0;;;;;5.321.801;675.363;NL;NLD;Netherlands;Groningen
25561564;6-6-2020;344;0;;;;;5.321.801;675.363;NL;NLD;Netherlands;Groningen
26109057;7-6-2020;344;0;;;;;5.321.801;675.363;NL;NLD;Netherlands;Groningen
26646104;8-6-2020;344;0;;;;;5.321.801;675.363;NL;NLD;Netherlands;Groningen
27212730;9-6-2020;344;0;;;;;5.321.801;675.363;NL;NLD;Netherlands;Groningen
27756512;10-6-2020;344;0;;;;;5.321.801;675.363;NL;NLD;Netherlands;Groningen
28323654;11-6-2020;344;0;;;;;5.321.801;675.363;NL;NLD;Netherlands;Groningen
28866317;12-6-2020;344;0;;;;;5.321.801;675.363;NL;NLD;Netherlands;Groningen
29356797;13-6-2020;344;0;;;;;5.321.801;675.363;NL;NLD;Netherlands;Groningen
29864382;14-6-2020;345;1;;;;;5.321.801;675.363;NL;NLD;Netherlands;Groningen
30352077;15-6-2020;346;1;;;;;5.321.801;675.363;NL;NLD;Netherlands;Groningen
30858458;16-6-2020;347;1;;;;;5.321.801;675.363;NL;NLD;Netherlands;Groningen
31452932;17-6-2020;348;1;;;;;5.321.801;675.363;NL;NLD;Netherlands;Groningen
32033587;18-6-2020;349;1;;;;;5.321.801;675.363;NL;NLD;Netherlands;Groningen
32610260;19-6-2020;350;1;;;;;5.321.801;675.363;NL;NLD;Netherlands;Groningen
33197347;20-6-2020;351;1;;;;;5.321.801;675.363;NL;NLD;Netherlands;Groningen
33778873;21-6-2020;352;1;;;;;5.321.801;675.363;NL;NLD;Netherlands;Groningen
34412461;22-6-2020;353;1;;;;;5.321.801;675.363;NL;NLD;Netherlands;Groningen
34940109;23-6-2020;354;1;;;;;5.321.801;675.363;NL;NLD;Netherlands;Groningen
35481603;24-6-2020;355;1;;;;;5.321.801;675.363;NL;NLD;Netherlands;Groningen
36090919;25-6-2020;356;1;;;;;5.321.801;675.363;NL;NLD;Netherlands;Groningen
36688059;26-6-2020;357;1;;;;;5.321.801;675.363;NL;NLD;Netherlands;Groningen
37298153;27-6-2020;358;1;;;;;5.321.801;675.363;NL;NLD;Netherlands;Groningen
37925308;28-6-2020;359;1;;;;;5.321.801;675.363;NL;NLD;Netherlands;Groningen
38543319;29-6-2020;360;1;;;;;5.321.801;675.363;NL;NLD;Netherlands;Groningen
39017865;30-6-2020;361;1;;;;;5.321.801;675.363;NL;NLD;Netherlands;Groningen
39305090;1-7-2020;362;1;;;;;5.321.801;675.363;NL;NLD;Netherlands;Groningen
39588818;2-7-2020;362;0;;;;;5.321.801;675.363;NL;NLD;Netherlands;Groningen
39883711;3-7-2020;362;0;;;;;5.321.801;675.363;NL;NLD;Netherlands;Groningen
40158350;4-7-2020;362;0;;;;;5.321.801;675.363;NL;NLD;Netherlands;Groningen
40455505;5-7-2020;362;0;;;;;5.321.801;675.363;NL;NLD;Netherlands;Groningen
40771404;6-7-2020;362;0;;;;;5.321.801;675.363;NL;NLD;Netherlands;Groningen
41186663;7-7-2020;362;0;;;;;5.321.801;675.363;NL;NLD;Netherlands;Groningen
41494771;8-7-2020;362;0;;;;;5.321.801;675.363;NL;NLD;Netherlands;Groningen
41809041;9-7-2020;362;0;;;;;5.321.801;675.363;NL;NLD;Netherlands;Groningen
4485027;8-4-2020;943;;;;;;5.120.924;593.392;NL;NLD;Netherlands;Limburg
4859748;10-4-2020;1220;277;;;;;5.120.924;593.392;NL;NLD;Netherlands;Limburg
5106706;12-4-2020;1497;277;;;;;5.120.924;593.392;NL;NLD;Netherlands;Limburg
5296241;14-4-2020;1774;277;;;;;5.120.924;593.392;NL;NLD;Netherlands;Limburg
5412868;16-4-2020;2051;277;;;;;5.120.924;593.392;NL;NLD;Netherlands;Limburg
5447046;18-4-2020;2328;277;;;;;5.120.924;593.392;NL;NLD;Netherlands;Limburg
5464654;20-4-2020;2605;277;;;;;5.120.924;593.392;NL;NLD;Netherlands;Limburg
5543841;22-4-2020;2882;277;;;;;5.120.924;593.392;NL;NLD;Netherlands;Limburg
6892361;24-4-2020;3159;277;;;;;5.120.924;593.392;NL;NLD;Netherlands;Limburg
6987563;26-4-2020;3436;277;;;;;5.120.924;593.392;NL;NLD;Netherlands;Limburg
7085029;28-4-2020;3713;277;;;;;5.120.924;593.392;NL;NLD;Netherlands;Limburg
7521926;29-4-2020;3990;277;;;;;5.120.924;593.392;NL;NLD;Netherlands;Limburg
8002072;30-4-2020;4017;27;;;;;5.120.924;593.392;NL;NLD;Netherlands;Limburg
8477538;1-5-2020;4044;27;;;;;5.120.924;593.392;NL;NLD;Netherlands;Limburg
8920662;2-5-2020;4071;27;;;;;5.120.924;593.392;NL;NLD;Netherlands;Limburg
9388987;3-5-2020;4098;27;;;;;5.120.924;593.392;NL;NLD;Netherlands;Limburg
9863774;4-5-2020;4125;27;;;;;5.120.924;593.392;NL;NLD;Netherlands;Limburg
10307504;5-5-2020;4152;27;;;;;5.120.924;593.392;NL;NLD;Netherlands;Limburg
10778415;6-5-2020;4179;27;;;;;5.120.924;593.392;NL;NLD;Netherlands;Limburg
11284951;7-5-2020;4206;27;;;;;5.120.924;593.392;NL;NLD;Netherlands;Limburg
11776543;8-5-2020;4233;27;;;;;5.120.924;593.392;NL;NLD;Netherlands;Limburg
12224332;9-5-2020;4260;27;;;;;5.120.924;593.392;NL;NLD;Netherlands;Limburg
12675081;10-5-2020;4287;27;;;;;5.120.924;593.392;NL;NLD;Netherlands;Limburg
13153033;11-5-2020;4314;27;;;;;5.120.924;593.392;NL;NLD;Netherlands;Limburg
13613459;12-5-2020;4341;27;;;;;5.120.924;593.392;NL;NLD;Netherlands;Limburg
14063072;13-5-2020;4368;27;;;;;5.120.924;593.392;NL;NLD;Netherlands;Limburg
14495279;14-5-2020;4395;27;;;;;5.120.924;593.392;NL;NLD;Netherlands;Limburg
14920581;15-5-2020;4422;27;;;;;5.120.924;593.392;NL;NLD;Netherlands;Limburg
15334670;16-5-2020;4450;28;;;;;5.120.924;593.392;NL;NLD;Netherlands;Limburg
15765688;17-5-2020;4478;28;;;;;5.120.924;593.392;NL;NLD;Netherlands;Limburg
16188082;18-5-2020;4506;28;;;;;5.120.924;593.392;NL;NLD;Netherlands;Limburg
16630771;19-5-2020;4534;28;;;;;5.120.924;593.392;NL;NLD;Netherlands;Limburg
17054596;20-5-2020;4541;7;;;;;5.120.924;593.392;NL;NLD;Netherlands;Limburg
17464447;21-5-2020;4548;7;;;;;5.120.924;593.392;NL;NLD;Netherlands;Limburg
17858055;22-5-2020;4555;7;;;;;5.120.924;593.392;NL;NLD;Netherlands;Limburg
18284958;23-5-2020;4562;7;;;;;5.120.924;593.392;NL;NLD;Netherlands;Limburg
18685212;24-5-2020;4569;7;;;;;5.120.924;593.392;NL;NLD;Netherlands;Limburg
19069096;25-5-2020;4576;7;;;;;5.120.924;593.392;NL;NLD;Netherlands;Limburg
19507705;26-5-2020;4583;7;;;;;5.120.924;593.392;NL;NLD;Netherlands;Limburg
20119180;27-5-2020;4590;7;;;;;5.120.924;593.392;NL;NLD;Netherlands;Limburg
20685620;28-5-2020;4597;7;;;;;5.120.924;593.392;NL;NLD;Netherlands;Limburg
21233653;29-5-2020;4604;7;;;;;5.120.924;593.392;NL;NLD;Netherlands;Limburg
21796344;30-5-2020;4611;7;;;;;5.120.924;593.392;NL;NLD;Netherlands;Limburg
22320639;31-5-2020;4618;7;;;;;5.120.924;593.392;NL;NLD;Netherlands;Limburg
22918806;1-6-2020;4625;7;;;;;5.120.924;593.392;NL;NLD;Netherlands;Limburg
23454341;2-6-2020;4632;7;;;;;5.120.924;593.392;NL;NLD;Netherlands;Limburg
23986967;3-6-2020;4639;7;;;;;5.120.924;593.392;NL;NLD;Netherlands;Limburg
24519686;4-6-2020;4647;8;;;;;5.120.924;593.392;NL;NLD;Netherlands;Limburg
25044124;5-6-2020;4655;8;;;;;5.120.924;593.392;NL;NLD;Netherlands;Limburg
25561565;6-6-2020;4663;8;;;;;5.120.924;593.392;NL;NLD;Netherlands;Limburg
26109058;7-6-2020;4671;8;;;;;5.120.924;593.392;NL;NLD;Netherlands;Limburg
26646106;8-6-2020;4679;8;;;;;5.120.924;593.392;NL;NLD;Netherlands;Limburg
27212733;9-6-2020;4687;8;;;;;5.120.924;593.392;NL;NLD;Netherlands;Limburg
27756514;10-6-2020;4695;8;;;;;5.120.924;593.392;NL;NLD;Netherlands;Limburg
28323655;11-6-2020;4703;8;;;;;5.120.924;593.392;NL;NLD;Netherlands;Limburg
28866318;12-6-2020;4711;8;;;;;5.120.924;593.392;NL;NLD;Netherlands;Limburg
29356798;13-6-2020;4719;8;;;;;5.120.924;593.392;NL;NLD;Netherlands;Limburg
29864383;14-6-2020;4727;8;;;;;5.120.924;593.392;NL;NLD;Netherlands;Limburg
30352090;15-6-2020;4735;8;;;;;5.120.924;593.392;NL;NLD;Netherlands;Limburg
30858461;16-6-2020;4743;8;;;;;5.120.924;593.392;NL;NLD;Netherlands;Limburg
31452933;17-6-2020;4751;8;;;;;5.120.924;593.392;NL;NLD;Netherlands;Limburg
32033590;18-6-2020;4759;8;;;;;5.120.924;593.392;NL;NLD;Netherlands;Limburg
32610261;19-6-2020;4767;8;;;;;5.120.924;593.392;NL;NLD;Netherlands;Limburg
33197348;20-6-2020;4775;8;;;;;5.120.924;593.392;NL;NLD;Netherlands;Limburg
33778874;21-6-2020;4783;8;;;;;5.120.924;593.392;NL;NLD;Netherlands;Limburg
34412463;22-6-2020;4791;8;;;;;5.120.924;593.392;NL;NLD;Netherlands;Limburg
34940110;23-6-2020;4799;8;;;;;5.120.924;593.392;NL;NLD;Netherlands;Limburg
35481604;24-6-2020;4807;8;;;;;5.120.924;593.392;NL;NLD;Netherlands;Limburg
36090920;25-6-2020;4815;8;;;;;5.120.924;593.392;NL;NLD;Netherlands;Limburg
36688061;26-6-2020;4823;8;;;;;5.120.924;593.392;NL;NLD;Netherlands;Limburg
37298156;27-6-2020;4831;8;;;;;5.120.924;593.392;NL;NLD;Netherlands;Limburg
37925309;28-6-2020;4839;8;;;;;5.120.924;593.392;NL;NLD;Netherlands;Limburg
38543322;29-6-2020;4847;8;;;;;5.120.924;593.392;NL;NLD;Netherlands;Limburg
39017866;30-6-2020;4855;8;;;;;5.120.924;593.392;NL;NLD;Netherlands;Limburg
39305091;1-7-2020;4863;8;;;;;5.120.924;593.392;NL;NLD;Netherlands;Limburg
39588819;2-7-2020;4863;0;;;;;5.120.924;593.392;NL;NLD;Netherlands;Limburg
39883713;3-7-2020;4863;0;;;;;5.120.924;593.392;NL;NLD;Netherlands;Limburg
40158353;4-7-2020;4863;0;;;;;5.120.924;593.392;NL;NLD;Netherlands;Limburg
40455508;5-7-2020;4863;0;;;;;5.120.924;593.392;NL;NLD;Netherlands;Limburg
40771405;6-7-2020;4863;0;;;;;5.120.924;593.392;NL;NLD;Netherlands;Limburg
41186665;7-7-2020;4863;0;;;;;5.120.924;593.392;NL;NLD;Netherlands;Limburg
41494774;8-7-2020;4863;0;;;;;5.120.924;593.392;NL;NLD;Netherlands;Limburg
41809044;9-7-2020;4863;0;;;;;5.120.924;593.392;NL;NLD;Netherlands;Limburg
4485029;8-4-2020;2426;;;;;;5.156.118;518.496;NL;NLD;Netherlands;North Brabant
4859749;10-4-2020;2892;466;;;;;5.156.118;518.496;NL;NLD;Netherlands;North Brabant
5106707;12-4-2020;3358;466;;;;;5.156.118;518.496;NL;NLD;Netherlands;North Brabant
5296242;14-4-2020;3825;467;;;;;5.156.118;518.496;NL;NLD;Netherlands;North Brabant
5412869;16-4-2020;4292;467;;;;;5.156.118;518.496;NL;NLD;Netherlands;North Brabant
5447047;18-4-2020;4759;467;;;;;5.156.118;518.496;NL;NLD;Netherlands;North Brabant
5464655;20-4-2020;5226;467;;;;;5.156.118;518.496;NL;NLD;Netherlands;North Brabant
5543842;22-4-2020;5693;467;;;;;5.156.118;518.496;NL;NLD;Netherlands;North Brabant
6892362;24-4-2020;6160;467;;;;;5.156.118;518.496;NL;NLD;Netherlands;North Brabant
6987564;26-4-2020;6627;467;;;;;5.156.118;518.496;NL;NLD;Netherlands;North Brabant
7085030;28-4-2020;7094;467;;;;;5.156.118;518.496;NL;NLD;Netherlands;North Brabant
7165113;29-4-2020;7561;467;;;;;5.156.118;518.496;NL;NLD;Netherlands;North Brabant
8477539;1-5-2020;8028;467;;;;;5.156.118;518.496;NL;NLD;Netherlands;North Brabant
8920667;2-5-2020;8064;36;;;;;5.156.118;518.496;NL;NLD;Netherlands;North Brabant
9388989;3-5-2020;8100;36;;;;;5.156.118;518.496;NL;NLD;Netherlands;North Brabant
9863775;4-5-2020;8137;37;;;;;5.156.118;518.496;NL;NLD;Netherlands;North Brabant
10307505;5-5-2020;8174;37;;;;;5.156.118;518.496;NL;NLD;Netherlands;North Brabant
10778416;6-5-2020;8211;37;;;;;5.156.118;518.496;NL;NLD;Netherlands;North Brabant
11284954;7-5-2020;8248;37;;;;;5.156.118;518.496;NL;NLD;Netherlands;North Brabant
11776546;8-5-2020;8285;37;;;;;5.156.118;518.496;NL;NLD;Netherlands;North Brabant
12224334;9-5-2020;8322;37;;;;;5.156.118;518.496;NL;NLD;Netherlands;North Brabant
12675082;10-5-2020;8359;37;;;;;5.156.118;518.496;NL;NLD;Netherlands;North Brabant
13153035;11-5-2020;8396;37;;;;;5.156.118;518.496;NL;NLD;Netherlands;North Brabant
13613461;12-5-2020;8433;37;;;;;5.156.118;518.496;NL;NLD;Netherlands;North Brabant
14063075;13-5-2020;8470;37;;;;;5.156.118;518.496;NL;NLD;Netherlands;North Brabant
14495281;14-5-2020;8507;37;;;;;5.156.118;518.496;NL;NLD;Netherlands;North Brabant
14920583;15-5-2020;8544;37;;;;;5.156.118;518.496;NL;NLD;Netherlands;North Brabant
15334671;16-5-2020;8581;37;;;;;5.156.118;518.496;NL;NLD;Netherlands;North Brabant
15765692;17-5-2020;8618;37;;;;;5.156.118;518.496;NL;NLD;Netherlands;North Brabant
16188083;18-5-2020;8655;37;;;;;5.156.118;518.496;NL;NLD;Netherlands;North Brabant
16630774;19-5-2020;8692;37;;;;;5.156.118;518.496;NL;NLD;Netherlands;North Brabant
17054597;20-5-2020;8712;20;;;;;5.156.118;518.496;NL;NLD;Netherlands;North Brabant
17464448;21-5-2020;8732;20;;;;;5.156.118;518.496;NL;NLD;Netherlands;North Brabant
17858056;22-5-2020;8753;21;;;;;5.156.118;518.496;NL;NLD;Netherlands;North Brabant
18284964;23-5-2020;8774;21;;;;;5.156.118;518.496;NL;NLD;Netherlands;North Brabant
18685214;24-5-2020;8795;21;;;;;5.156.118;518.496;NL;NLD;Netherlands;North Brabant
19069097;25-5-2020;8816;21;;;;;5.156.118;518.496;NL;NLD;Netherlands;North Brabant
19507706;26-5-2020;8837;21;;;;;5.156.118;518.496;NL;NLD;Netherlands;North Brabant
20119181;27-5-2020;8858;21;;;;;5.156.118;518.496;NL;NLD;Netherlands;North Brabant
20685622;28-5-2020;8879;21;;;;;5.156.118;518.496;NL;NLD;Netherlands;North Brabant
21233658;29-5-2020;8900;21;;;;;5.156.118;518.496;NL;NLD;Netherlands;North Brabant
21796345;30-5-2020;8921;21;;;;;5.156.118;518.496;NL;NLD;Netherlands;North Brabant
22320640;31-5-2020;8942;21;;;;;5.156.118;518.496;NL;NLD;Netherlands;North Brabant
22918809;1-6-2020;8963;21;;;;;5.156.118;518.496;NL;NLD;Netherlands;North Brabant
23454342;2-6-2020;8984;21;;;;;5.156.118;518.496;NL;NLD;Netherlands;North Brabant
23986970;3-6-2020;9005;21;;;;;5.156.118;518.496;NL;NLD;Netherlands;North Brabant
24519687;4-6-2020;9026;21;;;;;5.156.118;518.496;NL;NLD;Netherlands;North Brabant
25044125;5-6-2020;9047;21;;;;;5.156.118;518.496;NL;NLD;Netherlands;North Brabant
25561566;6-6-2020;9068;21;;;;;5.156.118;518.496;NL;NLD;Netherlands;North Brabant
26109059;7-6-2020;9089;21;;;;;5.156.118;518.496;NL;NLD;Netherlands;North Brabant
26646109;8-6-2020;9110;21;;;;;5.156.118;518.496;NL;NLD;Netherlands;North Brabant
27212735;9-6-2020;9131;21;;;;;5.156.118;518.496;NL;NLD;Netherlands;North Brabant
27756516;10-6-2020;9152;21;;;;;5.156.118;518.496;NL;NLD;Netherlands;North Brabant
28323656;11-6-2020;9173;21;;;;;5.156.118;518.496;NL;NLD;Netherlands;North Brabant
28866319;12-6-2020;9194;21;;;;;5.156.118;518.496;NL;NLD;Netherlands;North Brabant
29356799;13-6-2020;9215;21;;;;;5.156.118;518.496;NL;NLD;Netherlands;North Brabant
29864384;14-6-2020;9236;21;;;;;5.156.118;518.496;NL;NLD;Netherlands;North Brabant
30352104;15-6-2020;9257;21;;;;;5.156.118;518.496;NL;NLD;Netherlands;North Brabant
30858464;16-6-2020;9278;21;;;;;5.156.118;518.496;NL;NLD;Netherlands;North Brabant
31452935;17-6-2020;9299;21;;;;;5.156.118;518.496;NL;NLD;Netherlands;North Brabant
32033592;18-6-2020;9320;21;;;;;5.156.118;518.496;NL;NLD;Netherlands;North Brabant
32610263;19-6-2020;9341;21;;;;;5.156.118;518.496;NL;NLD;Netherlands;North Brabant
33197349;20-6-2020;9362;21;;;;;5.156.118;518.496;NL;NLD;Netherlands;North Brabant
33778875;21-6-2020;9383;21;;;;;5.156.118;518.496;NL;NLD;Netherlands;North Brabant
34412465;22-6-2020;9404;21;;;;;5.156.118;518.496;NL;NLD;Netherlands;North Brabant
34940111;23-6-2020;9425;21;;;;;5.156.118;518.496;NL;NLD;Netherlands;North Brabant
35481606;24-6-2020;9446;21;;;;;5.156.118;518.496;NL;NLD;Netherlands;North Brabant
36090921;25-6-2020;9467;21;;;;;5.156.118;518.496;NL;NLD;Netherlands;North Brabant
36688064;26-6-2020;9488;21;;;;;5.156.118;518.496;NL;NLD;Netherlands;North Brabant
37298159;27-6-2020;9509;21;;;;;5.156.118;518.496;NL;NLD;Netherlands;North Brabant
37925311;28-6-2020;9530;21;;;;;5.156.118;518.496;NL;NLD;Netherlands;North Brabant
38543325;29-6-2020;9551;21;;;;;5.156.118;518.496;NL;NLD;Netherlands;North Brabant
39017867;30-6-2020;9572;21;;;;;5.156.118;518.496;NL;NLD;Netherlands;North Brabant
39305092;1-7-2020;9593;21;;;;;5.156.118;518.496;NL;NLD;Netherlands;North Brabant
39588821;2-7-2020;9593;0;;;;;5.156.118;518.496;NL;NLD;Netherlands;North Brabant
39883717;3-7-2020;9593;0;;;;;5.156.118;518.496;NL;NLD;Netherlands;North Brabant
40158355;4-7-2020;9593;0;;;;;5.156.118;518.496;NL;NLD;Netherlands;North Brabant
40455511;5-7-2020;9593;0;;;;;5.156.118;518.496;NL;NLD;Netherlands;North Brabant
40771406;6-7-2020;9593;0;;;;;5.156.118;518.496;NL;NLD;Netherlands;North Brabant
41186667;7-7-2020;9593;0;;;;;5.156.118;518.496;NL;NLD;Netherlands;North Brabant
41494777;8-7-2020;9593;0;;;;;5.156.118;518.496;NL;NLD;Netherlands;North Brabant
41809047;9-7-2020;9593;0;;;;;5.156.118;518.496;NL;NLD;Netherlands;North Brabant
4485032;8-4-2020;1175;;;;;;5.257.687;492.427;NL;NLD;Netherlands;North Holland
4859750;10-4-2020;1544;369;;;;;5.257.687;492.427;NL;NLD;Netherlands;North Holland
5106708;12-4-2020;1913;369;;;;;5.257.687;492.427;NL;NLD;Netherlands;North Holland
5296243;14-4-2020;2282;369;;;;;5.257.687;492.427;NL;NLD;Netherlands;North Holland
5412870;16-4-2020;2652;370;;;;;5.257.687;492.427;NL;NLD;Netherlands;North Holland
5447048;18-4-2020;3022;370;;;;;5.257.687;492.427;NL;NLD;Netherlands;North Holland
5464656;20-4-2020;3392;370;;;;;5.257.687;492.427;NL;NLD;Netherlands;North Holland
5543843;22-4-2020;3762;370;;;;;5.257.687;492.427;NL;NLD;Netherlands;North Holland
6892363;24-4-2020;4132;370;;;;;5.257.687;492.427;NL;NLD;Netherlands;North Holland
6987565;26-4-2020;4502;370;;;;;5.257.687;492.427;NL;NLD;Netherlands;North Holland
7085031;28-4-2020;4872;370;;;;;5.257.687;492.427;NL;NLD;Netherlands;North Holland
7165116;29-4-2020;5242;370;;;;;5.257.687;492.427;NL;NLD;Netherlands;North Holland
8477541;1-5-2020;5612;370;;;;;5.257.687;492.427;NL;NLD;Netherlands;North Holland
8920671;2-5-2020;5658;46;;;;;5.257.687;492.427;NL;NLD;Netherlands;North Holland
9388992;3-5-2020;5704;46;;;;;5.257.687;492.427;NL;NLD;Netherlands;North Holland
9863776;4-5-2020;5750;46;;;;;5.257.687;492.427;NL;NLD;Netherlands;North Holland
10307507;5-5-2020;5796;46;;;;;5.257.687;492.427;NL;NLD;Netherlands;North Holland
10778418;6-5-2020;5842;46;;;;;5.257.687;492.427;NL;NLD;Netherlands;North Holland
11284958;7-5-2020;5888;46;;;;;5.257.687;492.427;NL;NLD;Netherlands;North Holland
11776548;8-5-2020;5934;46;;;;;5.257.687;492.427;NL;NLD;Netherlands;North Holland
12224335;9-5-2020;5980;46;;;;;5.257.687;492.427;NL;NLD;Netherlands;North Holland
12675083;10-5-2020;6026;46;;;;;5.257.687;492.427;NL;NLD;Netherlands;North Holland
13153038;11-5-2020;6072;46;;;;;5.257.687;492.427;NL;NLD;Netherlands;North Holland
13613463;12-5-2020;6118;46;;;;;5.257.687;492.427;NL;NLD;Netherlands;North Holland
14063078;13-5-2020;6165;47;;;;;5.257.687;492.427;NL;NLD;Netherlands;North Holland
14495283;14-5-2020;6212;47;;;;;5.257.687;492.427;NL;NLD;Netherlands;North Holland
14920584;15-5-2020;6259;47;;;;;5.257.687;492.427;NL;NLD;Netherlands;North Holland
15334673;16-5-2020;6306;47;;;;;5.257.687;492.427;NL;NLD;Netherlands;North Holland
15765695;17-5-2020;6353;47;;;;;5.257.687;492.427;NL;NLD;Netherlands;North Holland
16188084;18-5-2020;6400;47;;;;;5.257.687;492.427;NL;NLD;Netherlands;North Holland
16630775;19-5-2020;6447;47;;;;;5.257.687;492.427;NL;NLD;Netherlands;North Holland
17054598;20-5-2020;6465;18;;;;;5.257.687;492.427;NL;NLD;Netherlands;North Holland
17464450;21-5-2020;6483;18;;;;;5.257.687;492.427;NL;NLD;Netherlands;North Holland
17858058;22-5-2020;6501;18;;;;;5.257.687;492.427;NL;NLD;Netherlands;North Holland
18284968;23-5-2020;6519;18;;;;;5.257.687;492.427;NL;NLD;Netherlands;North Holland
18685216;24-5-2020;6537;18;;;;;5.257.687;492.427;NL;NLD;Netherlands;North Holland
19069098;25-5-2020;6555;18;;;;;5.257.687;492.427;NL;NLD;Netherlands;North Holland
19507707;26-5-2020;6573;18;;;;;5.257.687;492.427;NL;NLD;Netherlands;North Holland
20119182;27-5-2020;6591;18;;;;;5.257.687;492.427;NL;NLD;Netherlands;North Holland
20685623;28-5-2020;6609;18;;;;;5.257.687;492.427;NL;NLD;Netherlands;North Holland
21233661;29-5-2020;6627;18;;;;;5.257.687;492.427;NL;NLD;Netherlands;North Holland
21796346;30-5-2020;6645;18;;;;;5.257.687;492.427;NL;NLD;Netherlands;North Holland
22320641;31-5-2020;6663;18;;;;;5.257.687;492.427;NL;NLD;Netherlands;North Holland
22918811;1-6-2020;6681;18;;;;;5.257.687;492.427;NL;NLD;Netherlands;North Holland
23454343;2-6-2020;6699;18;;;;;5.257.687;492.427;NL;NLD;Netherlands;North Holland
23986973;3-6-2020;6717;18;;;;;5.257.687;492.427;NL;NLD;Netherlands;North Holland
24519688;4-6-2020;6735;18;;;;;5.257.687;492.427;NL;NLD;Netherlands;North Holland
25044128;5-6-2020;6753;18;;;;;5.257.687;492.427;NL;NLD;Netherlands;North Holland
25561567;6-6-2020;6771;18;;;;;5.257.687;492.427;NL;NLD;Netherlands;North Holland
26109060;7-6-2020;6789;18;;;;;5.257.687;492.427;NL;NLD;Netherlands;North Holland
26646111;8-6-2020;6807;18;;;;;5.257.687;492.427;NL;NLD;Netherlands;North Holland
27212736;9-6-2020;6825;18;;;;;5.257.687;492.427;NL;NLD;Netherlands;North Holland
27756518;10-6-2020;6843;18;;;;;5.257.687;492.427;NL;NLD;Netherlands;North Holland
28323657;11-6-2020;6861;18;;;;;5.257.687;492.427;NL;NLD;Netherlands;North Holland
28866320;12-6-2020;6879;18;;;;;5.257.687;492.427;NL;NLD;Netherlands;North Holland
29356800;13-6-2020;6897;18;;;;;5.257.687;492.427;NL;NLD;Netherlands;North Holland
29864385;14-6-2020;6916;19;;;;;5.257.687;492.427;NL;NLD;Netherlands;North Holland
30352117;15-6-2020;6935;19;;;;;5.257.687;492.427;NL;NLD;Netherlands;North Holland
30858466;16-6-2020;6954;19;;;;;5.257.687;492.427;NL;NLD;Netherlands;North Holland
31452936;17-6-2020;6973;19;;;;;5.257.687;492.427;NL;NLD;Netherlands;North Holland
32033593;18-6-2020;6992;19;;;;;5.257.687;492.427;NL;NLD;Netherlands;North Holland
32610264;19-6-2020;7011;19;;;;;5.257.687;492.427;NL;NLD;Netherlands;North Holland
33197350;20-6-2020;7030;19;;;;;5.257.687;492.427;NL;NLD;Netherlands;North Holland
33778877;21-6-2020;7049;19;;;;;5.257.687;492.427;NL;NLD;Netherlands;North Holland
34412467;22-6-2020;7068;19;;;;;5.257.687;492.427;NL;NLD;Netherlands;North Holland
34940112;23-6-2020;7087;19;;;;;5.257.687;492.427;NL;NLD;Netherlands;North Holland
35481607;24-6-2020;7106;19;;;;;5.257.687;492.427;NL;NLD;Netherlands;North Holland
36090922;25-6-2020;7125;19;;;;;5.257.687;492.427;NL;NLD;Netherlands;North Holland
36688066;26-6-2020;7144;19;;;;;5.257.687;492.427;NL;NLD;Netherlands;North Holland
37298162;27-6-2020;7163;19;;;;;5.257.687;492.427;NL;NLD;Netherlands;North Holland
37925312;28-6-2020;7182;19;;;;;5.257.687;492.427;NL;NLD;Netherlands;North Holland
38543329;29-6-2020;7201;19;;;;;5.257.687;492.427;NL;NLD;Netherlands;North Holland
39017868;30-6-2020;7220;19;;;;;5.257.687;492.427;NL;NLD;Netherlands;North Holland
39305093;1-7-2020;7239;19;;;;;5.257.687;492.427;NL;NLD;Netherlands;North Holland
39588822;2-7-2020;7239;0;;;;;5.257.687;492.427;NL;NLD;Netherlands;North Holland
39883719;3-7-2020;7239;0;;;;;5.257.687;492.427;NL;NLD;Netherlands;North Holland
40158358;4-7-2020;7239;0;;;;;5.257.687;492.427;NL;NLD;Netherlands;North Holland
40455514;5-7-2020;7239;0;;;;;5.257.687;492.427;NL;NLD;Netherlands;North Holland
40771407;6-7-2020;7239;0;;;;;5.257.687;492.427;NL;NLD;Netherlands;North Holland
41186669;7-7-2020;7239;0;;;;;5.257.687;492.427;NL;NLD;Netherlands;North Holland
41494780;8-7-2020;7239;0;;;;;5.257.687;492.427;NL;NLD;Netherlands;North Holland
41809050;9-7-2020;7239;0;;;;;5.257.687;492.427;NL;NLD;Netherlands;North Holland
5478056;28-3-2020;2;;0;;0;;52.433;4.833;NL;NLD;Netherlands;North Holland
2486612;1-4-2020;10;8;2;2;0;0;52.433;4.833;NL;NLD;Netherlands;North Holland
2769633;2-4-2020;11;1;2;0;0;0;52.433;4.833;NL;NLD;Netherlands;North Holland
3091150;3-4-2020;11;0;2;0;0;0;52.433;4.833;NL;NLD;Netherlands;North Holland
3430082;4-4-2020;11;0;2;0;0;0;52.433;4.833;NL;NLD;Netherlands;North Holland
3750868;5-4-2020;11;0;2;0;0;0;52.433;4.833;NL;NLD;Netherlands;North Holland
4016555;6-4-2020;11;0;2;0;0;0;52.433;4.833;NL;NLD;Netherlands;North Holland
4309362;7-4-2020;11;0;2;0;0;0;52.433;4.833;NL;NLD;Netherlands;North Holland
4551731;8-4-2020;11;0;2;0;0;0;52.433;4.833;NL;NLD;Netherlands;North Holland
4729133;9-4-2020;11;0;2;0;0;0;52.433;4.833;NL;NLD;Netherlands;North Holland
4909483;10-4-2020;11;0;2;0;0;0;52.433;4.833;NL;NLD;Netherlands;North Holland
4927994;11-4-2020;11;0;2;0;0;0;52.433;4.833;NL;NLD;Netherlands;North Holland
5207701;13-4-2020;13;2;4;2;0;0;52.433;4.833;NL;NLD;Netherlands;North Holland
5323376;15-4-2020;13;0;4;0;0;0;52.433;4.833;NL;NLD;Netherlands;North Holland
5428192;16-4-2020;13;0;4;0;0;0;52.433;4.833;NL;NLD;Netherlands;North Holland
5429834;17-4-2020;13;0;4;0;;;52.433;4.833;NL;NLD;Netherlands;North Holland
5451960;19-4-2020;13;0;4;0;;;52.433;4.833;NL;NLD;Netherlands;North Holland
5484955;21-4-2020;13;0;4;0;;;52.433;4.833;NL;NLD;Netherlands;North Holland
5562612;22-4-2020;13;0;4;0;;;52.433;4.833;NL;NLD;Netherlands;North Holland
6651378;23-4-2020;13;0;4;0;;;52.433;4.833;NL;NLD;Netherlands;North Holland
6906930;24-4-2020;13;0;4;0;;;52.433;4.833;NL;NLD;Netherlands;North Holland
6955393;25-4-2020;13;0;4;0;;;52.433;4.833;NL;NLD;Netherlands;North Holland
7002527;26-4-2020;13;0;4;0;;;52.433;4.833;NL;NLD;Netherlands;North Holland
7055360;27-4-2020;13;0;4;0;;;52.433;4.833;NL;NLD;Netherlands;North Holland
7098473;28-4-2020;13;0;4;0;;;52.433;4.833;NL;NLD;Netherlands;North Holland
7522401;29-4-2020;13;0;4;0;;;52.433;4.833;NL;NLD;Netherlands;North Holland
8001392;30-4-2020;13;0;4;0;;;52.433;4.833;NL;NLD;Netherlands;North Holland
8479967;1-5-2020;13;0;4;0;;;52.433;4.833;NL;NLD;Netherlands;North Holland
8922370;2-5-2020;13;0;4;0;;;52.433;4.833;NL;NLD;Netherlands;North Holland
9388243;3-5-2020;13;0;4;0;;;52.433;4.833;NL;NLD;Netherlands;North Holland
9863412;4-5-2020;13;0;4;0;;;52.433;4.833;NL;NLD;Netherlands;North Holland
10306638;5-5-2020;13;0;4;0;;;52.433;4.833;NL;NLD;Netherlands;North Holland
10777231;6-5-2020;13;0;4;0;;;52.433;4.833;NL;NLD;Netherlands;North Holland
11287484;7-5-2020;13;0;4;0;;;52.433;4.833;NL;NLD;Netherlands;North Holland
11778565;8-5-2020;13;0;4;0;;;52.433;4.833;NL;NLD;Netherlands;North Holland
12224884;9-5-2020;13;0;4;0;;;52.433;4.833;NL;NLD;Netherlands;North Holland
12675595;10-5-2020;13;0;4;0;;;52.433;4.833;NL;NLD;Netherlands;North Holland
13153386;11-5-2020;13;0;4;0;;;52.433;4.833;NL;NLD;Netherlands;North Holland
13612895;12-5-2020;13;0;4;0;;;52.433;4.833;NL;NLD;Netherlands;North Holland
14064911;13-5-2020;13;0;4;0;;;52.433;4.833;NL;NLD;Netherlands;North Holland
14495317;14-5-2020;13;0;4;0;;;52.433;4.833;NL;NLD;Netherlands;North Holland
14923878;15-5-2020;13;0;4;0;;;52.433;4.833;NL;NLD;Netherlands;North Holland
15333764;16-5-2020;13;0;4;0;;;52.433;4.833;NL;NLD;Netherlands;North Holland
15764157;17-5-2020;13;0;4;0;;;52.433;4.833;NL;NLD;Netherlands;North Holland
16189311;18-5-2020;13;0;4;0;;;52.433;4.833;NL;NLD;Netherlands;North Holland
16632537;19-5-2020;13;0;4;0;;;52.433;4.833;NL;NLD;Netherlands;North Holland
17054572;20-5-2020;13;0;4;0;;;52.433;4.833;NL;NLD;Netherlands;North Holland
17464004;21-5-2020;13;0;4;0;;;52.433;4.833;NL;NLD;Netherlands;North Holland
17857759;22-5-2020;13;0;4;0;;;52.433;4.833;NL;NLD;Netherlands;North Holland
18284450;23-5-2020;13;0;4;0;;;52.433;4.833;NL;NLD;Netherlands;North Holland
18684460;24-5-2020;13;0;4;0;;;52.433;4.833;NL;NLD;Netherlands;North Holland
19070582;25-5-2020;13;0;4;0;;;52.433;4.833;NL;NLD;Netherlands;North Holland
19507953;26-5-2020;13;0;4;0;;;52.433;4.833;NL;NLD;Netherlands;North Holland
20117035;27-5-2020;13;0;4;0;;;52.433;4.833;NL;NLD;Netherlands;North Holland
20686668;28-5-2020;13;0;4;0;;;52.433;4.833;NL;NLD;Netherlands;North Holland
21233766;29-5-2020;13;0;4;0;;;52.433;4.833;NL;NLD;Netherlands;North Holland
21796912;30-5-2020;13;0;4;0;;;52.433;4.833;NL;NLD;Netherlands;North Holland
22324211;31-5-2020;13;0;4;0;;;52.433;4.833;NL;NLD;Netherlands;North Holland
22918702;1-6-2020;13;0;4;0;;;52.433;4.833;NL;NLD;Netherlands;North Holland
23454188;2-6-2020;13;0;4;0;;;52.433;4.833;NL;NLD;Netherlands;North Holland
23986467;3-6-2020;13;0;4;0;;;52.433;4.833;NL;NLD;Netherlands;North Holland
24518796;4-6-2020;13;0;4;0;;;52.433;4.833;NL;NLD;Netherlands;North Holland
25045335;5-6-2020;13;0;4;0;;;52.433;4.833;NL;NLD;Netherlands;North Holland
25563862;6-6-2020;13;0;4;0;;;52.433;4.833;NL;NLD;Netherlands;North Holland
26104270;7-6-2020;13;0;4;0;;;52.433;4.833;NL;NLD;Netherlands;North Holland
26642865;8-6-2020;13;0;4;0;;;52.433;4.833;NL;NLD;Netherlands;North Holland
27209904;9-6-2020;13;0;4;0;;;52.433;4.833;NL;NLD;Netherlands;North Holland
27755278;10-6-2020;13;0;4;0;;;52.433;4.833;NL;NLD;Netherlands;North Holland
28324055;11-6-2020;13;0;4;0;;;52.433;4.833;NL;NLD;Netherlands;North Holland
28865279;12-6-2020;13;0;4;0;;;52.433;4.833;NL;NLD;Netherlands;North Holland
29356554;13-6-2020;13;0;4;0;;;52.433;4.833;NL;NLD;Netherlands;North Holland
29863963;14-6-2020;13;0;4;0;;;52.433;4.833;NL;NLD;Netherlands;North Holland
30354670;15-6-2020;13;0;4;0;;;52.433;4.833;NL;NLD;Netherlands;North Holland
31230651;16-6-2020;13;0;4;0;;;52.433;4.833;NL;NLD;Netherlands;North Holland
31455563;17-6-2020;13;0;4;0;;;52.433;4.833;NL;NLD;Netherlands;North Holland
32032820;18-6-2020;13;0;4;0;;;52.433;4.833;NL;NLD;Netherlands;North Holland
32608724;19-6-2020;13;0;4;0;;;52.433;4.833;NL;NLD;Netherlands;North Holland
33195345;20-6-2020;13;0;4;0;;;52.433;4.833;NL;NLD;Netherlands;North Holland
33780572;21-6-2020;13;0;4;0;;;52.433;4.833;NL;NLD;Netherlands;North Holland
34413636;22-6-2020;13;0;4;0;;;52.433;4.833;NL;NLD;Netherlands;North Holland
34940879;23-6-2020;13;0;4;0;;;52.433;4.833;NL;NLD;Netherlands;North Holland
35482113;24-6-2020;13;0;4;0;;;52.433;4.833;NL;NLD;Netherlands;North Holland
36080655;25-6-2020;13;0;4;0;;;52.433;4.833;NL;NLD;Netherlands;North Holland
36689084;26-6-2020;13;0;4;0;;;52.433;4.833;NL;NLD;Netherlands;North Holland
37272243;27-6-2020;13;0;4;0;;;52.433;4.833;NL;NLD;Netherlands;North Holland
37923492;28-6-2020;13;0;4;0;;;52.433;4.833;NL;NLD;Netherlands;North Holland
38540916;29-6-2020;13;0;4;0;;;52.433;4.833;NL;NLD;Netherlands;North Holland
39018099;30-6-2020;13;0;4;0;;;52.433;4.833;NL;NLD;Netherlands;North Holland
39305379;1-7-2020;13;0;4;0;;;52.433;4.833;NL;NLD;Netherlands;North Holland
39589125;2-7-2020;13;0;4;0;;;52.433;4.833;NL;NLD;Netherlands;North Holland
39884337;3-7-2020;13;0;4;0;;;52.433;4.833;NL;NLD;Netherlands;North Holland
40158361;4-7-2020;13;0;4;0;;;52.433;4.833;NL;NLD;Netherlands;North Holland
40455431;5-7-2020;13;0;4;0;;;52.433;4.833;NL;NLD;Netherlands;North Holland
40773516;6-7-2020;13;0;4;0;;;52.433;4.833;NL;NLD;Netherlands;North Holland
41187909;7-7-2020;13;0;4;0;;;52.433;4.833;NL;NLD;Netherlands;North Holland
41494059;8-7-2020;13;0;4;0;;;52.433;4.833;NL;NLD;Netherlands;North Holland
41808584;9-7-2020;13;0;4;0;;;52.433;4.833;NL;NLD;Netherlands;North Holland
4485034;8-4-2020;443;;;;;;5.244.455;644.175;NL;NLD;Netherlands;Overijssel
4859751;10-4-2020;642;199;;;;;5.244.455;644.175;NL;NLD;Netherlands;Overijssel
5106709;12-4-2020;841;199;;;;;5.244.455;644.175;NL;NLD;Netherlands;Overijssel
5296244;14-4-2020;1040;199;;;;;5.244.455;644.175;NL;NLD;Netherlands;Overijssel
5412871;16-4-2020;1240;200;;;;;5.244.455;644.175;NL;NLD;Netherlands;Overijssel
5447049;18-4-2020;1440;200;;;;;5.244.455;644.175;NL;NLD;Netherlands;Overijssel
5464657;20-4-2020;1640;200;;;;;5.244.455;644.175;NL;NLD;Netherlands;Overijssel
5543844;22-4-2020;1840;200;;;;;5.244.455;644.175;NL;NLD;Netherlands;Overijssel
6892364;24-4-2020;2040;200;;;;;5.244.455;644.175;NL;NLD;Netherlands;Overijssel
6987566;26-4-2020;2240;200;;;;;5.244.455;644.175;NL;NLD;Netherlands;Overijssel
7085032;28-4-2020;2440;200;;;;;5.244.455;644.175;NL;NLD;Netherlands;Overijssel
7521930;29-4-2020;2640;200;;;;;5.244.455;644.175;NL;NLD;Netherlands;Overijssel
8002074;30-4-2020;2653;13;;;;;5.244.455;644.175;NL;NLD;Netherlands;Overijssel
8477542;1-5-2020;2666;13;;;;;5.244.455;644.175;NL;NLD;Netherlands;Overijssel
8920676;2-5-2020;2679;13;;;;;5.244.455;644.175;NL;NLD;Netherlands;Overijssel
9388995;3-5-2020;2692;13;;;;;5.244.455;644.175;NL;NLD;Netherlands;Overijssel
9863777;4-5-2020;2705;13;;;;;5.244.455;644.175;NL;NLD;Netherlands;Overijssel
10307509;5-5-2020;2718;13;;;;;5.244.455;644.175;NL;NLD;Netherlands;Overijssel
10778420;6-5-2020;2731;13;;;;;5.244.455;644.175;NL;NLD;Netherlands;Overijssel
11284962;7-5-2020;2744;13;;;;;5.244.455;644.175;NL;NLD;Netherlands;Overijssel
11776551;8-5-2020;2757;13;;;;;5.244.455;644.175;NL;NLD;Netherlands;Overijssel
12224337;9-5-2020;2771;14;;;;;5.244.455;644.175;NL;NLD;Netherlands;Overijssel
12675084;10-5-2020;2785;14;;;;;5.244.455;644.175;NL;NLD;Netherlands;Overijssel
13153040;11-5-2020;2799;14;;;;;5.244.455;644.175;NL;NLD;Netherlands;Overijssel
13613465;12-5-2020;2813;14;;;;;5.244.455;644.175;NL;NLD;Netherlands;Overijssel
14063081;13-5-2020;2827;14;;;;;5.244.455;644.175;NL;NLD;Netherlands;Overijssel
14495284;14-5-2020;2841;14;;;;;5.244.455;644.175;NL;NLD;Netherlands;Overijssel
14920587;15-5-2020;2855;14;;;;;5.244.455;644.175;NL;NLD;Netherlands;Overijssel
15334674;16-5-2020;2869;14;;;;;5.244.455;644.175;NL;NLD;Netherlands;Overijssel
15765698;17-5-2020;2883;14;;;;;5.244.455;644.175;NL;NLD;Netherlands;Overijssel
16188085;18-5-2020;2897;14;;;;;5.244.455;644.175;NL;NLD;Netherlands;Overijssel
16630777;19-5-2020;2911;14;;;;;5.244.455;644.175;NL;NLD;Netherlands;Overijssel
17054599;20-5-2020;2915;4;;;;;5.244.455;644.175;NL;NLD;Netherlands;Overijssel
17464451;21-5-2020;2919;4;;;;;5.244.455;644.175;NL;NLD;Netherlands;Overijssel
17858059;22-5-2020;2923;4;;;;;5.244.455;644.175;NL;NLD;Netherlands;Overijssel
18284973;23-5-2020;2927;4;;;;;5.244.455;644.175;NL;NLD;Netherlands;Overijssel
18685218;24-5-2020;2931;4;;;;;5.244.455;644.175;NL;NLD;Netherlands;Overijssel
19069099;25-5-2020;2935;4;;;;;5.244.455;644.175;NL;NLD;Netherlands;Overijssel
19507709;26-5-2020;2939;4;;;;;5.244.455;644.175;NL;NLD;Netherlands;Overijssel
20119186;27-5-2020;2943;4;;;;;5.244.455;644.175;NL;NLD;Netherlands;Overijssel
20685625;28-5-2020;2947;4;;;;;5.244.455;644.175;NL;NLD;Netherlands;Overijssel
21233665;29-5-2020;2951;4;;;;;5.244.455;644.175;NL;NLD;Netherlands;Overijssel
21796347;30-5-2020;2955;4;;;;;5.244.455;644.175;NL;NLD;Netherlands;Overijssel
22320642;31-5-2020;2959;4;;;;;5.244.455;644.175;NL;NLD;Netherlands;Overijssel
22918813;1-6-2020;2963;4;;;;;5.244.455;644.175;NL;NLD;Netherlands;Overijssel
23454344;2-6-2020;2967;4;;;;;5.244.455;644.175;NL;NLD;Netherlands;Overijssel
23986977;3-6-2020;2971;4;;;;;5.244.455;644.175;NL;NLD;Netherlands;Overijssel
24519691;4-6-2020;2975;4;;;;;5.244.455;644.175;NL;NLD;Netherlands;Overijssel
25044129;5-6-2020;2979;4;;;;;5.244.455;644.175;NL;NLD;Netherlands;Overijssel
25561568;6-6-2020;2983;4;;;;;5.244.455;644.175;NL;NLD;Netherlands;Overijssel
26109061;7-6-2020;2987;4;;;;;5.244.455;644.175;NL;NLD;Netherlands;Overijssel
26646114;8-6-2020;2991;4;;;;;5.244.455;644.175;NL;NLD;Netherlands;Overijssel
27212739;9-6-2020;2995;4;;;;;5.244.455;644.175;NL;NLD;Netherlands;Overijssel
27756520;10-6-2020;2999;4;;;;;5.244.455;644.175;NL;NLD;Netherlands;Overijssel
28323659;11-6-2020;3003;4;;;;;5.244.455;644.175;NL;NLD;Netherlands;Overijssel
28866321;12-6-2020;3007;4;;;;;5.244.455;644.175;NL;NLD;Netherlands;Overijssel
29356802;13-6-2020;3011;4;;;;;5.244.455;644.175;NL;NLD;Netherlands;Overijssel
29864386;14-6-2020;3015;4;;;;;5.244.455;644.175;NL;NLD;Netherlands;Overijssel
30352131;15-6-2020;3019;4;;;;;5.244.455;644.175;NL;NLD;Netherlands;Overijssel
30858469;16-6-2020;3023;4;;;;;5.244.455;644.175;NL;NLD;Netherlands;Overijssel
31452937;17-6-2020;3028;5;;;;;5.244.455;644.175;NL;NLD;Netherlands;Overijssel
32033596;18-6-2020;3033;5;;;;;5.244.455;644.175;NL;NLD;Netherlands;Overijssel
32610266;19-6-2020;3038;5;;;;;5.244.455;644.175;NL;NLD;Netherlands;Overijssel
33197351;20-6-2020;3043;5;;;;;5.244.455;644.175;NL;NLD;Netherlands;Overijssel
33778878;21-6-2020;3048;5;;;;;5.244.455;644.175;NL;NLD;Netherlands;Overijssel
34412470;22-6-2020;3053;5;;;;;5.244.455;644.175;NL;NLD;Netherlands;Overijssel
34940113;23-6-2020;3058;5;;;;;5.244.455;644.175;NL;NLD;Netherlands;Overijssel
35481608;24-6-2020;3063;5;;;;;5.244.455;644.175;NL;NLD;Netherlands;Overijssel
36090923;25-6-2020;3068;5;;;;;5.244.455;644.175;NL;NLD;Netherlands;Overijssel
36688069;26-6-2020;3073;5;;;;;5.244.455;644.175;NL;NLD;Netherlands;Overijssel
37298165;27-6-2020;3078;5;;;;;5.244.455;644.175;NL;NLD;Netherlands;Overijssel
37925313;28-6-2020;3083;5;;;;;5.244.455;644.175;NL;NLD;Netherlands;Overijssel
38543332;29-6-2020;3088;5;;;;;5.244.455;644.175;NL;NLD;Netherlands;Overijssel
39017869;30-6-2020;3093;5;;;;;5.244.455;644.175;NL;NLD;Netherlands;Overijssel
39305094;1-7-2020;3098;5;;;;;5.244.455;644.175;NL;NLD;Netherlands;Overijssel
39588823;2-7-2020;3098;0;;;;;5.244.455;644.175;NL;NLD;Netherlands;Overijssel
39883723;3-7-2020;3098;0;;;;;5.244.455;644.175;NL;NLD;Netherlands;Overijssel
40158360;4-7-2020;3098;0;;;;;5.244.455;644.175;NL;NLD;Netherlands;Overijssel
40455517;5-7-2020;3098;0;;;;;5.244.455;644.175;NL;NLD;Netherlands;Overijssel
40771408;6-7-2020;3098;0;;;;;5.244.455;644.175;NL;NLD;Netherlands;Overijssel
41186671;7-7-2020;3098;0;;;;;5.244.455;644.175;NL;NLD;Netherlands;Overijssel
41494783;8-7-2020;3098;0;;;;;5.244.455;644.175;NL;NLD;Netherlands;Overijssel
41809053;9-7-2020;3098;0;;;;;5.244.455;644.175;NL;NLD;Netherlands;Overijssel
4485037;8-4-2020;1217;;;;;;5.193.723;44.824;NL;NLD;Netherlands;South Holland
4859752;10-4-2020;1772;555;;;;;5.193.723;44.824;NL;NLD;Netherlands;South Holland
5106710;12-4-2020;2327;555;;;;;5.193.723;44.824;NL;NLD;Netherlands;South Holland
5296245;14-4-2020;2882;555;;;;;5.193.723;44.824;NL;NLD;Netherlands;South Holland
5412872;16-4-2020;3437;555;;;;;5.193.723;44.824;NL;NLD;Netherlands;South Holland
5447050;18-4-2020;3992;555;;;;;5.193.723;44.824;NL;NLD;Netherlands;South Holland
5464658;20-4-2020;4547;555;;;;;5.193.723;44.824;NL;NLD;Netherlands;South Holland
5543845;22-4-2020;5102;555;;;;;5.193.723;44.824;NL;NLD;Netherlands;South Holland
6892366;24-4-2020;5657;555;;;;;5.193.723;44.824;NL;NLD;Netherlands;South Holland
6987567;26-4-2020;6213;556;;;;;5.193.723;44.824;NL;NLD;Netherlands;South Holland
7085033;28-4-2020;6769;556;;;;;5.193.723;44.824;NL;NLD;Netherlands;South Holland
7165122;29-4-2020;7325;556;;;;;5.193.723;44.824;NL;NLD;Netherlands;South Holland
8477543;1-5-2020;7881;556;;;;;5.193.723;44.824;NL;NLD;Netherlands;South Holland
8920680;2-5-2020;7965;84;;;;;5.193.723;44.824;NL;NLD;Netherlands;South Holland
9388997;3-5-2020;8049;84;;;;;5.193.723;44.824;NL;NLD;Netherlands;South Holland
9863778;4-5-2020;8133;84;;;;;5.193.723;44.824;NL;NLD;Netherlands;South Holland
10307510;5-5-2020;8218;85;;;;;5.193.723;44.824;NL;NLD;Netherlands;South Holland
10778421;6-5-2020;8303;85;;;;;5.193.723;44.824;NL;NLD;Netherlands;South Holland
11284965;7-5-2020;8388;85;;;;;5.193.723;44.824;NL;NLD;Netherlands;South Holland
11776554;8-5-2020;8473;85;;;;;5.193.723;44.824;NL;NLD;Netherlands;South Holland
12224338;9-5-2020;8558;85;;;;;5.193.723;44.824;NL;NLD;Netherlands;South Holland
12675085;10-5-2020;8643;85;;;;;5.193.723;44.824;NL;NLD;Netherlands;South Holland
13153043;11-5-2020;8728;85;;;;;5.193.723;44.824;NL;NLD;Netherlands;South Holland
13613467;12-5-2020;8813;85;;;;;5.193.723;44.824;NL;NLD;Netherlands;South Holland
14063084;13-5-2020;8898;85;;;;;5.193.723;44.824;NL;NLD;Netherlands;South Holland
14495286;14-5-2020;8983;85;;;;;5.193.723;44.824;NL;NLD;Netherlands;South Holland
14920588;15-5-2020;9068;85;;;;;5.193.723;44.824;NL;NLD;Netherlands;South Holland
15334676;16-5-2020;9153;85;;;;;5.193.723;44.824;NL;NLD;Netherlands;South Holland
15765700;17-5-2020;9238;85;;;;;5.193.723;44.824;NL;NLD;Netherlands;South Holland
16188087;18-5-2020;9323;85;;;;;5.193.723;44.824;NL;NLD;Netherlands;South Holland
16630778;19-5-2020;9408;85;;;;;5.193.723;44.824;NL;NLD;Netherlands;South Holland
17054600;20-5-2020;9450;42;;;;;5.193.723;44.824;NL;NLD;Netherlands;South Holland
17464452;21-5-2020;9492;42;;;;;5.193.723;44.824;NL;NLD;Netherlands;South Holland
17858060;22-5-2020;9535;43;;;;;5.193.723;44.824;NL;NLD;Netherlands;South Holland
18284977;23-5-2020;9578;43;;;;;5.193.723;44.824;NL;NLD;Netherlands;South Holland
18685220;24-5-2020;9621;43;;;;;5.193.723;44.824;NL;NLD;Netherlands;South Holland
19069101;25-5-2020;9664;43;;;;;5.193.723;44.824;NL;NLD;Netherlands;South Holland
19507710;26-5-2020;9707;43;;;;;5.193.723;44.824;NL;NLD;Netherlands;South Holland
20119188;27-5-2020;9750;43;;;;;5.193.723;44.824;NL;NLD;Netherlands;South Holland
20685627;28-5-2020;9793;43;;;;;5.193.723;44.824;NL;NLD;Netherlands;South Holland
21233667;29-5-2020;9836;43;;;;;5.193.723;44.824;NL;NLD;Netherlands;South Holland
21796349;30-5-2020;9879;43;;;;;5.193.723;44.824;NL;NLD;Netherlands;South Holland
22320643;31-5-2020;9922;43;;;;;5.193.723;44.824;NL;NLD;Netherlands;South Holland
22918815;1-6-2020;9965;43;;;;;5.193.723;44.824;NL;NLD;Netherlands;South Holland
23454345;2-6-2020;10008;43;;;;;5.193.723;44.824;NL;NLD;Netherlands;South Holland
23986979;3-6-2020;10051;43;;;;;5.193.723;44.824;NL;NLD;Netherlands;South Holland
24519692;4-6-2020;10094;43;;;;;5.193.723;44.824;NL;NLD;Netherlands;South Holland
25044131;5-6-2020;10137;43;;;;;5.193.723;44.824;NL;NLD;Netherlands;South Holland
25561569;6-6-2020;10180;43;;;;;5.193.723;44.824;NL;NLD;Netherlands;South Holland
26109062;7-6-2020;10223;43;;;;;5.193.723;44.824;NL;NLD;Netherlands;South Holland
26646116;8-6-2020;10266;43;;;;;5.193.723;44.824;NL;NLD;Netherlands;South Holland
27212741;9-6-2020;10309;43;;;;;5.193.723;44.824;NL;NLD;Netherlands;South Holland
27756522;10-6-2020;10352;43;;;;;5.193.723;44.824;NL;NLD;Netherlands;South Holland
28323660;11-6-2020;10395;43;;;;;5.193.723;44.824;NL;NLD;Netherlands;South Holland
28866322;12-6-2020;10438;43;;;;;5.193.723;44.824;NL;NLD;Netherlands;South Holland
29356803;13-6-2020;10481;43;;;;;5.193.723;44.824;NL;NLD;Netherlands;South Holland
29864387;14-6-2020;10524;43;;;;;5.193.723;44.824;NL;NLD;Netherlands;South Holland
30352145;15-6-2020;10567;43;;;;;5.193.723;44.824;NL;NLD;Netherlands;South Holland
30858471;16-6-2020;10610;43;;;;;5.193.723;44.824;NL;NLD;Netherlands;South Holland
31452938;17-6-2020;10653;43;;;;;5.193.723;44.824;NL;NLD;Netherlands;South Holland
32033598;18-6-2020;10696;43;;;;;5.193.723;44.824;NL;NLD;Netherlands;South Holland
32610267;19-6-2020;10739;43;;;;;5.193.723;44.824;NL;NLD;Netherlands;South Holland
33197353;20-6-2020;10782;43;;;;;5.193.723;44.824;NL;NLD;Netherlands;South Holland
33778879;21-6-2020;10825;43;;;;;5.193.723;44.824;NL;NLD;Netherlands;South Holland
34412472;22-6-2020;10868;43;;;;;5.193.723;44.824;NL;NLD;Netherlands;South Holland
34940114;23-6-2020;10911;43;;;;;5.193.723;44.824;NL;NLD;Netherlands;South Holland
35481609;24-6-2020;10954;43;;;;;5.193.723;44.824;NL;NLD;Netherlands;South Holland
36090925;25-6-2020;10997;43;;;;;5.193.723;44.824;NL;NLD;Netherlands;South Holland
36688071;26-6-2020;11040;43;;;;;5.193.723;44.824;NL;NLD;Netherlands;South Holland
37298168;27-6-2020;11083;43;;;;;5.193.723;44.824;NL;NLD;Netherlands;South Holland
37925315;28-6-2020;11126;43;;;;;5.193.723;44.824;NL;NLD;Netherlands;South Holland
38543335;29-6-2020;11169;43;;;;;5.193.723;44.824;NL;NLD;Netherlands;South Holland
39017870;30-6-2020;11212;43;;;;;5.193.723;44.824;NL;NLD;Netherlands;South Holland
39305095;1-7-2020;11255;43;;;;;5.193.723;44.824;NL;NLD;Netherlands;South Holland
39588824;2-7-2020;11255;0;;;;;5.193.723;44.824;NL;NLD;Netherlands;South Holland
39883725;3-7-2020;11255;0;;;;;5.193.723;44.824;NL;NLD;Netherlands;South Holland
40158363;4-7-2020;11255;0;;;;;5.193.723;44.824;NL;NLD;Netherlands;South Holland
40455520;5-7-2020;11255;0;;;;;5.193.723;44.824;NL;NLD;Netherlands;South Holland
40771409;6-7-2020;11255;0;;;;;5.193.723;44.824;NL;NLD;Netherlands;South Holland
41186673;7-7-2020;11255;0;;;;;5.193.723;44.824;NL;NLD;Netherlands;South Holland
41494788;8-7-2020;11255;0;;;;;5.193.723;44.824;NL;NLD;Netherlands;South Holland
41809055;9-7-2020;11255;0;;;;;5.193.723;44.824;NL;NLD;Netherlands;South Holland
2451060;1-4-2020;10;;2;;0;;519.157;44.558;NL;NLD;Netherlands;South Holland
4485040;8-4-2020;716;;;;;;5.209.651;517.358;NL;NLD;Netherlands;Utrecht
4859753;10-4-2020;900;184;;;;;5.209.651;517.358;NL;NLD;Netherlands;Utrecht
5106711;12-4-2020;1084;184;;;;;5.209.651;517.358;NL;NLD;Netherlands;Utrecht
5296246;14-4-2020;1268;184;;;;;5.209.651;517.358;NL;NLD;Netherlands;Utrecht
5412873;16-4-2020;1452;184;;;;;5.209.651;517.358;NL;NLD;Netherlands;Utrecht
5447051;18-4-2020;1636;184;;;;;5.209.651;517.358;NL;NLD;Netherlands;Utrecht
5464659;20-4-2020;1820;184;;;;;5.209.651;517.358;NL;NLD;Netherlands;Utrecht
5543846;22-4-2020;2004;184;;;;;5.209.651;517.358;NL;NLD;Netherlands;Utrecht
6892367;24-4-2020;2188;184;;;;;5.209.651;517.358;NL;NLD;Netherlands;Utrecht
6987568;26-4-2020;2372;184;;;;;5.209.651;517.358;NL;NLD;Netherlands;Utrecht
7085034;28-4-2020;2556;184;;;;;5.209.651;517.358;NL;NLD;Netherlands;Utrecht
7521933;29-4-2020;2741;185;;;;;5.209.651;517.358;NL;NLD;Netherlands;Utrecht
8002076;30-4-2020;2771;30;;;;;5.209.651;517.358;NL;NLD;Netherlands;Utrecht
8477544;1-5-2020;2801;30;;;;;5.209.651;517.358;NL;NLD;Netherlands;Utrecht
8920685;2-5-2020;2831;30;;;;;5.209.651;517.358;NL;NLD;Netherlands;Utrecht
9388999;3-5-2020;2861;30;;;;;5.209.651;517.358;NL;NLD;Netherlands;Utrecht
9863779;4-5-2020;2891;30;;;;;5.209.651;517.358;NL;NLD;Netherlands;Utrecht
10307511;5-5-2020;2921;30;;;;;5.209.651;517.358;NL;NLD;Netherlands;Utrecht
10778422;6-5-2020;2951;30;;;;;5.209.651;517.358;NL;NLD;Netherlands;Utrecht
11284969;7-5-2020;2982;31;;;;;5.209.651;517.358;NL;NLD;Netherlands;Utrecht
11776555;8-5-2020;3013;31;;;;;5.209.651;517.358;NL;NLD;Netherlands;Utrecht
12224340;9-5-2020;3044;31;;;;;5.209.651;517.358;NL;NLD;Netherlands;Utrecht
12675086;10-5-2020;3075;31;;;;;5.209.651;517.358;NL;NLD;Netherlands;Utrecht
13153044;11-5-2020;3106;31;;;;;5.209.651;517.358;NL;NLD;Netherlands;Utrecht
13613469;12-5-2020;3137;31;;;;;5.209.651;517.358;NL;NLD;Netherlands;Utrecht
14063086;13-5-2020;3168;31;;;;;5.209.651;517.358;NL;NLD;Netherlands;Utrecht
14495288;14-5-2020;3199;31;;;;;5.209.651;517.358;NL;NLD;Netherlands;Utrecht
14920591;15-5-2020;3230;31;;;;;5.209.651;517.358;NL;NLD;Netherlands;Utrecht
15334678;16-5-2020;3261;31;;;;;5.209.651;517.358;NL;NLD;Netherlands;Utrecht
15765702;17-5-2020;3292;31;;;;;5.209.651;517.358;NL;NLD;Netherlands;Utrecht
16188088;18-5-2020;3323;31;;;;;5.209.651;517.358;NL;NLD;Netherlands;Utrecht
16630779;19-5-2020;3354;31;;;;;5.209.651;517.358;NL;NLD;Netherlands;Utrecht
17054601;20-5-2020;3369;15;;;;;5.209.651;517.358;NL;NLD;Netherlands;Utrecht
17464453;21-5-2020;3384;15;;;;;5.209.651;517.358;NL;NLD;Netherlands;Utrecht
17858062;22-5-2020;3399;15;;;;;5.209.651;517.358;NL;NLD;Netherlands;Utrecht
18284981;23-5-2020;3414;15;;;;;5.209.651;517.358;NL;NLD;Netherlands;Utrecht
18685221;24-5-2020;3429;15;;;;;5.209.651;517.358;NL;NLD;Netherlands;Utrecht
19069103;25-5-2020;3444;15;;;;;5.209.651;517.358;NL;NLD;Netherlands;Utrecht
19507711;26-5-2020;3459;15;;;;;5.209.651;517.358;NL;NLD;Netherlands;Utrecht
20119189;27-5-2020;3474;15;;;;;5.209.651;517.358;NL;NLD;Netherlands;Utrecht
20685628;28-5-2020;3489;15;;;;;5.209.651;517.358;NL;NLD;Netherlands;Utrecht
21233671;29-5-2020;3504;15;;;;;5.209.651;517.358;NL;NLD;Netherlands;Utrecht
21796350;30-5-2020;3519;15;;;;;5.209.651;517.358;NL;NLD;Netherlands;Utrecht
22320644;31-5-2020;3534;15;;;;;5.209.651;517.358;NL;NLD;Netherlands;Utrecht
22918817;1-6-2020;3549;15;;;;;5.209.651;517.358;NL;NLD;Netherlands;Utrecht
23454346;2-6-2020;3564;15;;;;;5.209.651;517.358;NL;NLD;Netherlands;Utrecht
23986982;3-6-2020;3579;15;;;;;5.209.651;517.358;NL;NLD;Netherlands;Utrecht
24519694;4-6-2020;3594;15;;;;;5.209.651;517.358;NL;NLD;Netherlands;Utrecht
25044133;5-6-2020;3609;15;;;;;5.209.651;517.358;NL;NLD;Netherlands;Utrecht
25561570;6-6-2020;3624;15;;;;;5.209.651;517.358;NL;NLD;Netherlands;Utrecht
26109063;7-6-2020;3639;15;;;;;5.209.651;517.358;NL;NLD;Netherlands;Utrecht
26646118;8-6-2020;3654;15;;;;;5.209.651;517.358;NL;NLD;Netherlands;Utrecht
27212744;9-6-2020;3669;15;;;;;5.209.651;517.358;NL;NLD;Netherlands;Utrecht
27756524;10-6-2020;3684;15;;;;;5.209.651;517.358;NL;NLD;Netherlands;Utrecht
28323661;11-6-2020;3699;15;;;;;5.209.651;517.358;NL;NLD;Netherlands;Utrecht
28866323;12-6-2020;3714;15;;;;;5.209.651;517.358;NL;NLD;Netherlands;Utrecht
29356805;13-6-2020;3730;16;;;;;5.209.651;517.358;NL;NLD;Netherlands;Utrecht
29864388;14-6-2020;3746;16;;;;;5.209.651;517.358;NL;NLD;Netherlands;Utrecht
30352154;15-6-2020;3762;16;;;;;5.209.651;517.358;NL;NLD;Netherlands;Utrecht
30858473;16-6-2020;3778;16;;;;;5.209.651;517.358;NL;NLD;Netherlands;Utrecht
31452939;17-6-2020;3794;16;;;;;5.209.651;517.358;NL;NLD;Netherlands;Utrecht
32033600;18-6-2020;3810;16;;;;;5.209.651;517.358;NL;NLD;Netherlands;Utrecht
32610268;19-6-2020;3826;16;;;;;5.209.651;517.358;NL;NLD;Netherlands;Utrecht
33197354;20-6-2020;3842;16;;;;;5.209.651;517.358;NL;NLD;Netherlands;Utrecht
33778880;21-6-2020;3858;16;;;;;5.209.651;517.358;NL;NLD;Netherlands;Utrecht
34412473;22-6-2020;3874;16;;;;;5.209.651;517.358;NL;NLD;Netherlands;Utrecht
34940115;23-6-2020;3890;16;;;;;5.209.651;517.358;NL;NLD;Netherlands;Utrecht
35481610;24-6-2020;3906;16;;;;;5.209.651;517.358;NL;NLD;Netherlands;Utrecht
36090926;25-6-2020;3922;16;;;;;5.209.651;517.358;NL;NLD;Netherlands;Utrecht
36688074;26-6-2020;3938;16;;;;;5.209.651;517.358;NL;NLD;Netherlands;Utrecht
37298171;27-6-2020;3954;16;;;;;5.209.651;517.358;NL;NLD;Netherlands;Utrecht
37925316;28-6-2020;3970;16;;;;;5.209.651;517.358;NL;NLD;Netherlands;Utrecht
38543338;29-6-2020;3986;16;;;;;5.209.651;517.358;NL;NLD;Netherlands;Utrecht
39017871;30-6-2020;4002;16;;;;;5.209.651;517.358;NL;NLD;Netherlands;Utrecht
39305096;1-7-2020;4018;16;;;;;5.209.651;517.358;NL;NLD;Netherlands;Utrecht
39588825;2-7-2020;4018;0;;;;;5.209.651;517.358;NL;NLD;Netherlands;Utrecht
39883729;3-7-2020;4018;0;;;;;5.209.651;517.358;NL;NLD;Netherlands;Utrecht
40158365;4-7-2020;4018;0;;;;;5.209.651;517.358;NL;NLD;Netherlands;Utrecht
40455523;5-7-2020;4018;0;;;;;5.209.651;517.358;NL;NLD;Netherlands;Utrecht
40771410;6-7-2020;4018;0;;;;;5.209.651;517.358;NL;NLD;Netherlands;Utrecht
41186675;7-7-2020;4018;0;;;;;5.209.651;517.358;NL;NLD;Netherlands;Utrecht
41494793;8-7-2020;4018;0;;;;;5.209.651;517.358;NL;NLD;Netherlands;Utrecht
41809058;9-7-2020;4018;0;;;;;5.209.651;517.358;NL;NLD;Netherlands;Utrecht
4485042;8-4-2020;108;;;;;;5.147.008;385.944;NL;NLD;Netherlands;Zeeland
4859754;10-4-2020;150;42;;;;;5.147.008;385.944;NL;NLD;Netherlands;Zeeland
5106712;12-4-2020;192;42;;;;;5.147.008;385.944;NL;NLD;Netherlands;Zeeland
5296247;14-4-2020;234;42;;;;;5.147.008;385.944;NL;NLD;Netherlands;Zeeland
5412874;16-4-2020;276;42;;;;;5.147.008;385.944;NL;NLD;Netherlands;Zeeland
5447052;18-4-2020;318;42;;;;;5.147.008;385.944;NL;NLD;Netherlands;Zeeland
5464660;20-4-2020;361;43;;;;;5.147.008;385.944;NL;NLD;Netherlands;Zeeland
5543847;22-4-2020;404;43;;;;;5.147.008;385.944;NL;NLD;Netherlands;Zeeland
6892368;24-4-2020;447;43;;;;;5.147.008;385.944;NL;NLD;Netherlands;Zeeland
6987569;26-4-2020;490;43;;;;;5.147.008;385.944;NL;NLD;Netherlands;Zeeland
7085035;28-4-2020;533;43;;;;;5.147.008;385.944;NL;NLD;Netherlands;Zeeland
7521935;29-4-2020;576;43;;;;;5.147.008;385.944;NL;NLD;Netherlands;Zeeland
8002078;30-4-2020;579;3;;;;;5.147.008;385.944;NL;NLD;Netherlands;Zeeland
8477545;1-5-2020;582;3;;;;;5.147.008;385.944;NL;NLD;Netherlands;Zeeland
8920690;2-5-2020;585;3;;;;;5.147.008;385.944;NL;NLD;Netherlands;Zeeland
9389002;3-5-2020;588;3;;;;;5.147.008;385.944;NL;NLD;Netherlands;Zeeland
9863780;4-5-2020;591;3;;;;;5.147.008;385.944;NL;NLD;Netherlands;Zeeland
10307512;5-5-2020;594;3;;;;;5.147.008;385.944;NL;NLD;Netherlands;Zeeland
10778424;6-5-2020;597;3;;;;;5.147.008;385.944;NL;NLD;Netherlands;Zeeland
11284973;7-5-2020;600;3;;;;;5.147.008;385.944;NL;NLD;Netherlands;Zeeland
11776558;8-5-2020;603;3;;;;;5.147.008;385.944;NL;NLD;Netherlands;Zeeland
12224341;9-5-2020;606;3;;;;;5.147.008;385.944;NL;NLD;Netherlands;Zeeland
12675088;10-5-2020;609;3;;;;;5.147.008;385.944;NL;NLD;Netherlands;Zeeland
13153047;11-5-2020;612;3;;;;;5.147.008;385.944;NL;NLD;Netherlands;Zeeland
13613471;12-5-2020;615;3;;;;;5.147.008;385.944;NL;NLD;Netherlands;Zeeland
14063088;13-5-2020;618;3;;;;;5.147.008;385.944;NL;NLD;Netherlands;Zeeland
14495289;14-5-2020;621;3;;;;;5.147.008;385.944;NL;NLD;Netherlands;Zeeland
14920592;15-5-2020;624;3;;;;;5.147.008;385.944;NL;NLD;Netherlands;Zeeland
15334680;16-5-2020;628;4;;;;;5.147.008;385.944;NL;NLD;Netherlands;Zeeland
15765704;17-5-2020;632;4;;;;;5.147.008;385.944;NL;NLD;Netherlands;Zeeland
16188089;18-5-2020;636;4;;;;;5.147.008;385.944;NL;NLD;Netherlands;Zeeland
16630781;19-5-2020;640;4;;;;;5.147.008;385.944;NL;NLD;Netherlands;Zeeland
17054602;20-5-2020;642;2;;;;;5.147.008;385.944;NL;NLD;Netherlands;Zeeland
17464454;21-5-2020;644;2;;;;;5.147.008;385.944;NL;NLD;Netherlands;Zeeland
17858063;22-5-2020;646;2;;;;;5.147.008;385.944;NL;NLD;Netherlands;Zeeland
18284986;23-5-2020;648;2;;;;;5.147.008;385.944;NL;NLD;Netherlands;Zeeland
18685223;24-5-2020;650;2;;;;;5.147.008;385.944;NL;NLD;Netherlands;Zeeland
19069106;25-5-2020;652;2;;;;;5.147.008;385.944;NL;NLD;Netherlands;Zeeland
19507712;26-5-2020;654;2;;;;;5.147.008;385.944;NL;NLD;Netherlands;Zeeland
20119191;27-5-2020;656;2;;;;;5.147.008;385.944;NL;NLD;Netherlands;Zeeland
20685631;28-5-2020;658;2;;;;;5.147.008;385.944;NL;NLD;Netherlands;Zeeland
21233673;29-5-2020;660;2;;;;;5.147.008;385.944;NL;NLD;Netherlands;Zeeland
21796351;30-5-2020;662;2;;;;;5.147.008;385.944;NL;NLD;Netherlands;Zeeland
22320646;31-5-2020;664;2;;;;;5.147.008;385.944;NL;NLD;Netherlands;Zeeland
22918819;1-6-2020;666;2;;;;;5.147.008;385.944;NL;NLD;Netherlands;Zeeland
23454347;2-6-2020;668;2;;;;;5.147.008;385.944;NL;NLD;Netherlands;Zeeland
23986985;3-6-2020;670;2;;;;;5.147.008;385.944;NL;NLD;Netherlands;Zeeland
24519696;4-6-2020;672;2;;;;;5.147.008;385.944;NL;NLD;Netherlands;Zeeland
25044134;5-6-2020;674;2;;;;;5.147.008;385.944;NL;NLD;Netherlands;Zeeland
25561571;6-6-2020;676;2;;;;;5.147.008;385.944;NL;NLD;Netherlands;Zeeland
26109064;7-6-2020;678;2;;;;;5.147.008;385.944;NL;NLD;Netherlands;Zeeland
26646122;8-6-2020;680;2;;;;;5.147.008;385.944;NL;NLD;Netherlands;Zeeland
27212747;9-6-2020;682;2;;;;;5.147.008;385.944;NL;NLD;Netherlands;Zeeland
27756526;10-6-2020;684;2;;;;;5.147.008;385.944;NL;NLD;Netherlands;Zeeland
28323663;11-6-2020;686;2;;;;;5.147.008;385.944;NL;NLD;Netherlands;Zeeland
28866324;12-6-2020;688;2;;;;;5.147.008;385.944;NL;NLD;Netherlands;Zeeland
29356806;13-6-2020;690;2;;;;;5.147.008;385.944;NL;NLD;Netherlands;Zeeland
29864389;14-6-2020;692;2;;;;;5.147.008;385.944;NL;NLD;Netherlands;Zeeland
30352159;15-6-2020;694;2;;;;;5.147.008;385.944;NL;NLD;Netherlands;Zeeland
30858476;16-6-2020;696;2;;;;;5.147.008;385.944;NL;NLD;Netherlands;Zeeland
31452940;17-6-2020;698;2;;;;;5.147.008;385.944;NL;NLD;Netherlands;Zeeland
32033603;18-6-2020;700;2;;;;;5.147.008;385.944;NL;NLD;Netherlands;Zeeland
32610270;19-6-2020;702;2;;;;;5.147.008;385.944;NL;NLD;Netherlands;Zeeland
33197355;20-6-2020;704;2;;;;;5.147.008;385.944;NL;NLD;Netherlands;Zeeland
33778881;21-6-2020;706;2;;;;;5.147.008;385.944;NL;NLD;Netherlands;Zeeland
34412474;22-6-2020;708;2;;;;;5.147.008;385.944;NL;NLD;Netherlands;Zeeland
34940116;23-6-2020;710;2;;;;;5.147.008;385.944;NL;NLD;Netherlands;Zeeland
35481611;24-6-2020;712;2;;;;;5.147.008;385.944;NL;NLD;Netherlands;Zeeland
36090927;25-6-2020;714;2;;;;;5.147.008;385.944;NL;NLD;Netherlands;Zeeland
36688076;26-6-2020;717;3;;;;;5.147.008;385.944;NL;NLD;Netherlands;Zeeland
37298175;27-6-2020;720;3;;;;;5.147.008;385.944;NL;NLD;Netherlands;Zeeland
37925317;28-6-2020;723;3;;;;;5.147.008;385.944;NL;NLD;Netherlands;Zeeland
38543341;29-6-2020;726;3;;;;;5.147.008;385.944;NL;NLD;Netherlands;Zeeland
39017872;30-6-2020;729;3;;;;;5.147.008;385.944;NL;NLD;Netherlands;Zeeland
39305097;1-7-2020;732;3;;;;;5.147.008;385.944;NL;NLD;Netherlands;Zeeland
39588826;2-7-2020;732;0;;;;;5.147.008;385.944;NL;NLD;Netherlands;Zeeland
39883731;3-7-2020;732;0;;;;;5.147.008;385.944;NL;NLD;Netherlands;Zeeland
40158368;4-7-2020;732;0;;;;;5.147.008;385.944;NL;NLD;Netherlands;Zeeland
40455526;5-7-2020;732;0;;;;;5.147.008;385.944;NL;NLD;Netherlands;Zeeland
40771411;6-7-2020;732;0;;;;;5.147.008;385.944;NL;NLD;Netherlands;Zeeland
41186677;7-7-2020;732;0;;;;;5.147.008;385.944;NL;NLD;Netherlands;Zeeland
41494797;8-7-2020;732;0;;;;;5.147.008;385.944;NL;NLD;Netherlands;Zeeland
41809061;9-7-2020;732;0;;;;;5.147.008;385.944;NL;NLD;Netherlands;Zeeland
